nombre_agenda,estado,archivo_origen,observaciones
NUTRICION OBSTETRICIA - LIC. COVELLI DANIELA EUGENIA,EN_AMBOS,Agendas Activas Hospital Materno.xlsx,Procesada correctamente
PSICOLOGA - DRA. CARRARA LILIANA,EN_AMBOS,Agendas activas CAPS bajo Boulogne.xlsx,Procesada correctamente
GINECOLOGIA PROGRAMADA - DRA. MOM MANUELA - Copia,EN_AMBOS,Agendas activas CAPS San Isidro Labrador.xlsx,Procesada correctamente
INFECTOLOGIA - DRA. GARCE SABRINA,EN_AMBOS,Agendas activas Hospital Boulogne.xlsx,Procesada correctamente
PEDIATRIA - RESIDENTE,EN_AMBOS,Agendas Activas Hospital Materno.xlsx,Procesada correctamente
PEDIATRIA - ESPONTANEA - DRA. TABOADA VERÃ“NICA MARIEL,EN_AMBOS,Agendas activas CAPS Barrio Obrero.xlsx,Procesada correctamente
EEG INFORMES - DRA. GUTTE PAMELA ALEJANDRA,EN_AMBOS,Agendas Activas Hospital Materno.xlsx,Procesada correctamente
PEDIATRIA - DRA. LIBERMAN PAULA,EN_AMBOS,Agendas activas CAPS Beccar.xlsx,Procesada correctamente
SEGUIMIENTO NEURODESARROLLO (SALGADO),EN_AMBOS,Agendas activas Centro El Nido.xlsx,Procesada correctamente
PEDIATRIA - DRA. PIOVANO PAOLA,EN_AMBOS,Agendas activas CAPS Beccar.xlsx,Procesada correctamente
ENDOCRINOLOGIA - DRA. MAGDALENA RODRIGUEZ SAA,EN_AMBOS,Agendas Activas Hospital Materno.xlsx,Procesada correctamente
INFECTOLOGIA INFANTIL - DR. CARDANI DANIEL,EN_AMBOS,Agendas Activas Hospital Materno.xlsx,Procesada correctamente
OBSTETRICIA BAJO RIESGO - DR. IGNACIO LEITES,EN_AMBOS,Agendas Activas Hospital Materno.xlsx,Procesada correctamente
ODONTOLOGÃ_x008d_A - DRA. AMIN,EN_AMBOS,Agendas activas CAPS Barrio Obrero.xlsx,Procesada correctamente
PSIQUIATRIA INFANTIL - DRA. CARLA VICTORIA RODRIGUEZ,EN_AMBOS,Agendas Activas Hospital Materno.xlsx,Procesada correctamente
PROTESIS- DRA BEVACQUA ADRIANA - AGENDA BIS,EN_AMBOS,Agendas activas Hospital Odontologico.xlsx,Procesada correctamente
NUTRICION GENERAL - DRA. CAMILLONI IANINA,EN_AMBOS,Agendas activas CAPS San Isidro Labrador.xlsx,Procesada correctamente
NUTRICION GRUPAL - DRA. CORONEL MARIEL,EN_AMBOS,Agendas activas CAPS Villa Adelina.xlsx,Procesada correctamente
MEDIANO RIESGO - DRA. CARRASCO MARÃ_x008d_A ELIZABETH,EN_AMBOS,Agendas Activas Hospital Materno.xlsx,Procesada correctamente
PSICLOGIA - LIC. PIETRACUPA TRISTANA,EN_AMBOS,Agendas activas Hospital Boulogne.xlsx,Procesada correctamente
PSICOLOGIA - LIC. MARIA SILVINA SERRAVALLE,EN_AMBOS,Agendas activas Hospital Boulogne.xlsx,Procesada correctamente
MEDICO CLINICO - DR. PORTA ESTEBAN - ESPONTANEA,EN_AMBOS,Agendas activas CAPS Villa Adelina.xlsx,Procesada correctamente
PEDIATRIA - DRA. SEGOVIA CECILIA PROGRAMADA,EN_AMBOS,Agendas activas CAPS Villa Adelina.xlsx,Procesada correctamente
PSICOLOGIA INFANTIL - DRA. ALICIA SALGAR,EN_AMBOS,Agendas Activas Hospital Materno.xlsx,Procesada correctamente
PSICOLOGIA - LIC. GUILLERMO MARIO GIUSTINIANO,EN_AMBOS,Agendas activas Centro El Nido.xlsx,Procesada correctamente
NUTRICIONISTA - DRA. OSSO MUÃ‘OZ - TRATAMIENTO,EN_AMBOS,Agendas activas CAPS bajo Boulogne.xlsx,Procesada correctamente
ODONTOLOGIA - DR. GONZALEZ TOMAS,EN_AMBOS,Agendas activas CAPS San Isidro Labrador.xlsx,Procesada correctamente
PSICOLOGIA INFANTIL - LIC. LA TORRE PAULA,EN_AMBOS,Agendas activas CAPS Diagonal Salta.xlsx,Procesada correctamente
NUTRICION - LIC. BRUNO CECILIA,EN_AMBOS,Agendas activas CAPS San Pantaleon.xlsx,Procesada correctamente
ODONTOLOGÃ_x008d_A ADULTOS- GALMARINI GISELA,EN_AMBOS,Agendas activas Hospital Odontologico.xlsx,Procesada correctamente
TRABAJO SOCIAL - SANTILLAN LUCIA,EN_AMBOS,Agendas activas CAPS bajo Boulogne.xlsx,Procesada correctamente
PSIQUIATRIA INFANTIL - DRA. CECILIA VIVIANA OSORIO,EN_AMBOS,Agendas Activas Hospital Materno.xlsx,Procesada correctamente
PEDIATRIA - DRA. SEVILLA GABRIELA,EN_AMBOS,Agendas activas Hospital Boulogne.xlsx,Procesada correctamente
GINECOLOGIA - DRA. BONINI MARTA,EN_AMBOS,Agendas activas CAPS bajo Boulogne.xlsx,Procesada correctamente
OBSTETRICIA ALTO RIESGO - DR. DE CICCO GUILLERMO JAVIER,EN_AMBOS,Agendas Activas Hospital Materno.xlsx,Procesada correctamente
ADOLESCENCIA - DRA. VIVIANA MARTINA,EN_AMBOS,Agendas Activas Hospital Materno.xlsx,Procesada correctamente
CUIDADOS PALIATIVOS-RECETAS-FERNANDEZ,EN_AMBOS,Agendas activas Hospital Boulogne.xlsx,Procesada correctamente
NEUMONOLOGIA INFANTIL - DRA. DI GIORGI ANDREA,EN_AMBOS,Agendas Activas Hospital Materno.xlsx,Procesada correctamente
ONCOLOGIA - DRA. PALACIOS ANGELI MORENA,EN_AMBOS,Agendas activas Hospital Boulogne.xlsx,Procesada correctamente
AGENDA RAYOS - RX SIMPLE,EN_AMBOS,Agendas activas CAPS San Isidro Labrador.xlsx,Procesada correctamente
PSICOLOGIA - LIC. DE ANDRADE ROMINA,EN_AMBOS,Agendas activas Hospital Boulogne.xlsx,Procesada correctamente
CONTROL I. DE LA MUJER - DRA RODRIGUEZ FLORENCIA,EN_AMBOS,Agendas activas Hospital Boulogne.xlsx,Procesada correctamente
NEUROLOGIA INFANTIL - DRA. INES DENZLER,EN_AMBOS,Agendas Activas Hospital Materno.xlsx,Procesada correctamente
NEUMONOLOGIA INFANTIL - DRA. BONACINA ANDREA,EN_AMBOS,Agendas Activas Hospital Materno.xlsx,Procesada correctamente
DIABETOLOGIA OBSTETRICIA - DRA. ROVIRA MARÃ_x008d_A GABRIELA,EN_AMBOS,Agendas Activas Hospital Materno.xlsx,Procesada correctamente
ODONTOLOGIA PEDIATRICA - DRA. BENITEZ ADA,EN_AMBOS,Agendas activas CAPS San Isidro Labrador.xlsx,Procesada correctamente
MEDICO CLINICO - DRA. KOSMUS LAURA PROGRAMADA,EN_AMBOS,Agendas activas CAPS Villa Adelina.xlsx,Procesada correctamente
TUBERCULOSIS - DRA. REARTE MARIA FLORENCIA,EN_AMBOS,Agendas Activas Hospital Materno.xlsx,Procesada correctamente
PSICOLOGIA - LIC. ARCIERI VALDES NICOLAS,EN_AMBOS,Agendas activas Hospital Boulogne.xlsx,Procesada correctamente
DEGLUCION INFANTIL - LIC. MACIEL MARIA ROSA,EN_AMBOS,Agendas Activas Hospital Materno.xlsx,Procesada correctamente
GINECOLOGIA - DR. GONZALEZ ADALBERTO - PROGRAMADA,EN_AMBOS,Agendas activas CAPS Barrio Obrero.xlsx,Procesada correctamente
CLINICA MEDICA - DRA. CARAFI SILVIA,EN_AMBOS,Agendas activas CAPS Beccar.xlsx,Procesada correctamente
PEDIATRIA DRA. ALLEVA GRACIELA,EN_AMBOS,Agendas activas CAPS Barrio Obrero.xlsx,Procesada correctamente
PSICOPEDAGOGIA - LIC. ANABELLA LOPEZ,EN_AMBOS,Agendas activas Centro El Nido.xlsx,Procesada correctamente
GRUPAL REUNION DE ESCUELAS (ARCHELLI - LOPEZ - MONTEMARANI),EN_AMBOS,Agendas activas Centro El Nido.xlsx,Procesada correctamente
NUTRICION TRATAMIENTO - MAÃ‘ANA - CORONEL MARIEL,EN_AMBOS,Agendas activas Hospital Boulogne.xlsx,Procesada correctamente
HEMATOLOGIA - DR VILLCA ACUÃ‘A,EN_AMBOS,Agendas activas Hospital Boulogne.xlsx,Procesada correctamente
ODONTOLOGIA - DRA. COLOMBO LORENA ESPONTANEA,EN_AMBOS,Agendas activas CAPS Villa Adelina.xlsx,Procesada correctamente
OBSTETRICIA - MONITOREO,EN_AMBOS,Agendas Activas Hospital Materno.xlsx,Procesada correctamente
ODONTOLOGIA - ESPONTANEA - DRA. MENEGATTI ALEJANDRA,EN_AMBOS,Agendas activas CAPS San Pantaleon.xlsx,Procesada correctamente
ODONTOLOGIA DRA.SALEGEL CAROLINA YAEL,EN_AMBOS,Agendas activas CAPS Barrio Obrero.xlsx,Procesada correctamente
SALUD SEXUAL - DRA. GURTLER SOFIA,EN_AMBOS,Agendas activas CAPS San Pantaleon.xlsx,Procesada correctamente
PEDIATRIA PROGRAMADA - DRA LIVI MARIA,EN_AMBOS,Agendas activas CAPS San Isidro Labrador.xlsx,Procesada correctamente
GINECOLOGIA DRA. VALLEJOS SOLEDAD - DIU,EN_AMBOS,Agendas activas CAPS bajo Boulogne.xlsx,Procesada correctamente
ECOGRAFIA - BOLAÃ‘OS ORDOÃ‘EZ,EN_AMBOS,Agendas activas Hospital Boulogne.xlsx,Procesada correctamente
MEDICO CLINICO PROGRAMADA - DRA. DE ROSA PATRICIA,EN_AMBOS,Agendas activas CAPS San Isidro Labrador.xlsx,Procesada correctamente
DEMANDA ESPONTANEA,EN_AMBOS,Agendas activas CAPS San Pantaleon.xlsx,Procesada correctamente
GINECOLOGIA - DR. LEITES - PAP,EN_AMBOS,Agendas activas CAPS Villa Adelina.xlsx,Procesada correctamente
PSICOLOGA - DRA GONZALEZ CRISTINA - REUNION DE EQUIPO,EN_AMBOS,Agendas activas CAPS bajo Boulogne.xlsx,Procesada correctamente
DEVOLUCIÃ“N A PADRES,EN_AMBOS,Agendas activas Centro El Nido.xlsx,Procesada correctamente
NUTRICION GENERAL - LIC. MOTA MORENO ENCARNACION,EN_AMBOS,Agendas activas CAPS Diagonal Salta.xlsx,Procesada correctamente
AGENDA TRIAGE CLÃ_x008d_NICA,EN_AMBOS,Agendas activas Hospital Boulogne.xlsx,Procesada correctamente
GINECOLOGIA DRA. LADOUX AGUSTINA - IMPLANTE COLOCACION,EN_AMBOS,Agendas activas CAPS bajo Boulogne.xlsx,Procesada correctamente
MEDICO CLINICO DR. MARRASSINI NICOLAS - ESPONTANEA,EN_AMBOS,Agendas activas CAPS bajo Boulogne.xlsx,Procesada correctamente
PSIQUIATRIA INFANTIL - DRA. AGUSTINA LOPEZ CRETELLA,EN_AMBOS,Agendas Activas Hospital Materno.xlsx,Procesada correctamente
PSICOLOGA - DRA. TOGNON ANDREA,EN_AMBOS,Agendas activas CAPS bajo Boulogne.xlsx,Procesada correctamente
PEDIATRIA - DRA. CHIFFLET MARIA - ESPONTANEA,EN_AMBOS,Agendas activas CAPS bajo Boulogne.xlsx,Procesada correctamente
MEDICO CLINICO - ESPONTANEA - DRA. DIEGUEZ GABRIELA,EN_AMBOS,Agendas activas CAPS Barrio Obrero.xlsx,Procesada correctamente
OBSTETRICIA ALTO RIESGO - DR. ADOLFO RIVARA,EN_AMBOS,Agendas Activas Hospital Materno.xlsx,Procesada correctamente
PSIQUIATRIA INFANTIL - DR. FAUSTINO ESCUDERO,EN_AMBOS,Agendas Activas Hospital Materno.xlsx,Procesada correctamente
CIRUGIA- DR JIMENEZ CALABRESE PATRICIO - AGENDA BIS,EN_AMBOS,Agendas activas Hospital Odontologico.xlsx,Procesada correctamente
GASTROENTEROLOGIA HEPATOLOGIA - DRA. ROSANA SOLIS NEFFA,EN_AMBOS,Agendas Activas Hospital Materno.xlsx,Procesada correctamente
CARDIOLOGIA INFANTIL - DRA. ELORRIAGA MARIA SOL,EN_AMBOS,Agendas Activas Hospital Materno.xlsx,Procesada correctamente
INFECTOLOGIA - DR. MARCELO BELTRAN,EN_AMBOS,Agendas activas Hospital Boulogne.xlsx,Procesada correctamente
GINECOLOGIA - DRA. LATIF NADIA,EN_AMBOS,Agendas activas CAPS Beccar.xlsx,Procesada correctamente
ODONTOPEDIATRIA - DRA. MENDEZ SIGNORI LILIANA,EN_AMBOS,Agendas activas Hospital Boulogne.xlsx,Procesada correctamente
NUTRICION TRATAMIENTO - DRA. CORONEL MARIEL,EN_AMBOS,Agendas activas CAPS Villa Adelina.xlsx,Procesada correctamente
COMITE DE FAMILIAS,EN_AMBOS,Agendas activas CAPS San Pantaleon.xlsx,Procesada correctamente
PEDIATRIA - DRA. BUTRON NATALIA - PROGRAMADA,EN_AMBOS,Agendas activas CAPS bajo Boulogne.xlsx,Procesada correctamente
MEDICO CLINICO DRA. ORTIZ YULIANA - ESPONTANEA,EN_AMBOS,Agendas activas CAPS bajo Boulogne.xlsx,Procesada correctamente
GINECOLOGIA - DRA. FOLINO ALDANA PROGRAMADA,EN_AMBOS,Agendas activas CAPS Villa Adelina.xlsx,Procesada correctamente
ECOGRAFIAS PEDIATRICA - DRA. CORTEZ NATALIA,EN_AMBOS,Agendas Activas Hospital Materno.xlsx,Procesada correctamente
PSICOLOGIA INFANTIL - DRA. DI MARTINO STELLA,EN_AMBOS,Agendas Activas Hospital Materno.xlsx,Procesada correctamente
OBSTETRICIA - DRA. ROSSI RODRIGUEZ LUCILA,EN_AMBOS,Agendas activas Hospital Boulogne.xlsx,Procesada correctamente
ECOGRAFIAS OBSTETRICAS - DRA. ALVAREZ DANIELA,EN_AMBOS,Agendas Activas Hospital Materno.xlsx,Procesada correctamente
OFTALMOLOGÃ_x008d_A - DRA. RICCI MARIA,EN_AMBOS,Agendas Activas Hospital Materno.xlsx,Procesada correctamente
ODONTOLOGIA - DRA. BEVACQUA ADRIANA PROGRAMADA,EN_AMBOS,Agendas activas CAPS Villa Adelina.xlsx,Procesada correctamente
PEDIATRIA - DRA. SEVILLA GABRIELA PROGRAMADA,EN_AMBOS,Agendas activas CAPS Villa Adelina.xlsx,Procesada correctamente
PEDIATRIA DRA. COMMISSI ELISA NOEMÃ_x008d_,EN_AMBOS,Agendas activas CAPS Barrio Obrero.xlsx,Procesada correctamente
CHARLA TABAQUISMO - DRA. LUZI CONSTANZA,EN_AMBOS,Agendas activas CAPS San Isidro Labrador.xlsx,Procesada correctamente
TRACTO GENITAL INFERIOR - DRA. CYNTHIA GISELA MENENDEZ,EN_AMBOS,Agendas Activas Hospital Materno.xlsx,Procesada correctamente
ODONTOLOGIA PEDIATRIA - ESPONTANEA,EN_AMBOS,Agendas activas CAPS San Isidro Labrador.xlsx,Procesada correctamente
CLINICA MEDICA - DR. MARRASSINI NICOLAS,EN_AMBOS,Agendas activas CAPS Diagonal Salta.xlsx,Procesada correctamente
CARDIOLOGIA - ECG PROGRAMADA,EN_AMBOS,Agendas activas CAPS San Isidro Labrador.xlsx,Procesada correctamente
PSIQUIATRIA INFANTIL - DR. HERRERA JUAN,EN_AMBOS,Agendas Activas Hospital Materno.xlsx,Procesada correctamente
PSICOLOGA - DRA. TOGNON ANDREA - REUNION EQUIPO,EN_AMBOS,Agendas activas CAPS bajo Boulogne.xlsx,Procesada correctamente
ODONTOLOGIA ADULTO - DRA. MARTINEZ LILIANA - EVENTUAL,EN_AMBOS,Agendas activas CAPS bajo Boulogne.xlsx,Procesada correctamente
EEG - ELECTROENCEFALOGRAMA,EN_AMBOS,Agendas Activas Hospital Materno.xlsx,Procesada correctamente
PSICOPEDAGOGIA - LIC. BRINGAS MAGALI,EN_AMBOS,Agendas activas Hospital Boulogne.xlsx,Procesada correctamente
ECOGRAFIAS OBSTETRICAS - ZERPA YANINA,EN_AMBOS,Agendas Activas Hospital Materno.xlsx,Procesada correctamente
POTENCIALES EVOCADOS - AUDIOMETRIA INFANTIL,EN_AMBOS,Agendas Activas Hospital Materno.xlsx,Procesada correctamente
GINECOLOGIA DRA. MIRANDA ANA MARIA,EN_AMBOS,Agendas activas CAPS Barrio Obrero.xlsx,Procesada correctamente
INFECTOLOGIA - DRA. BARRIS MARGARITA,EN_AMBOS,Agendas activas CAPS San Isidro Labrador.xlsx,Procesada correctamente
ODONTOLOGÃ_x008d_A ADULTOS-DRA MALDONADO AYLEN,EN_AMBOS,Agendas activas Hospital Odontologico.xlsx,Procesada correctamente
NEUMONOLOGIA INFANTIL - DRA. LASSERRE CECILIA,EN_AMBOS,Agendas Activas Hospital Materno.xlsx,Procesada correctamente
GUARDIA CLINICA MEDICA ADULTOS - DRA. PANIAGUA GISELA,EN_AMBOS,Agendas activas Hospital Boulogne.xlsx,Procesada correctamente
PSICOLOGIA OBSTETRICIA - DRA. NATALIA SALVANESCHI,EN_AMBOS,Agendas Activas Hospital Materno.xlsx,Procesada correctamente
EVALUACIONES NIDO,EN_AMBOS,Agendas activas Centro El Nido.xlsx,Procesada correctamente
OTORRINOLARINGOLOGIA INFANTIL-RODRIGUEZ MARCELA,EN_AMBOS,Agendas activas Hospital Boulogne.xlsx,Procesada correctamente
LIC. EN PSICOLOGIA BRANCA BENJAMIN,EN_AMBOS,Agendas activas CAPS Barrio Obrero.xlsx,Procesada correctamente
PSICO-ONCOLOGIA LIC. HOURBEIGT LAURA,EN_AMBOS,Agendas activas Hospital Boulogne.xlsx,Procesada correctamente
"PEDIATRIA - ESPONTANEA - DRA, MAKARIC VERONICA",EN_AMBOS,Agendas activas CAPS Diagonal Salta.xlsx,Procesada correctamente
PSICOLOGO - DR. DOTTORI AGUSTIN,EN_AMBOS,Agendas activas CAPS bajo Boulogne.xlsx,Procesada correctamente
CARDIOLOGIA - ECG ESPONTANEA,EN_AMBOS,Agendas activas CAPS San Isidro Labrador.xlsx,Procesada correctamente
TRACTO GENITAL INFERIOR - DRA. LUCILA ROSSI RODRIGUEZ CAMPOS,EN_AMBOS,Agendas Activas Hospital Materno.xlsx,Procesada correctamente
NUTRICIONISTA - DRA. MARTINEZ NOELIA - TRATAMIENTO,EN_AMBOS,Agendas activas CAPS bajo Boulogne.xlsx,Procesada correctamente
ENDODONCIA- DRA RUGGIERO LUCIANA - AGENDA BIS,EN_AMBOS,Agendas activas Hospital Odontologico.xlsx,Procesada correctamente
OBSTETRICIA - DR. ZANABRIA ADALBERTO,EN_AMBOS,Agendas activas CAPS bajo Boulogne.xlsx,Procesada correctamente
INFECTOLOGIA - DRA. RODRIGUEZ LEONELA,EN_AMBOS,Agendas activas Hospital Boulogne.xlsx,Procesada correctamente
PSICOLOGIA - LIC. LEDONE MARCELA,EN_AMBOS,Agendas activas Hospital Boulogne.xlsx,Procesada correctamente
GINECOLOGIA PAP - DRA. LOWCEWICZ BARBARA,EN_AMBOS,Agendas activas Hospital Boulogne.xlsx,Procesada correctamente
PEDIATRIA CAI - DRA. ASANOVIC PAULA,EN_AMBOS,Agendas activas CAPS San Isidro Labrador.xlsx,Procesada correctamente
CLINICA MEDICA - DR. CARRIERI NICOLAS,EN_AMBOS,Agendas activas CAPS Diagonal Salta.xlsx,Procesada correctamente
GRUPO ET - TO (LARESE - SALGADO),EN_AMBOS,Agendas activas Centro El Nido.xlsx,Procesada correctamente
RADIOLOGIA,EN_AMBOS,Agendas activas Hospital Boulogne.xlsx,Procesada correctamente
PEDIATRIA - CAI - DRA. PIOVANO PAOLA,EN_AMBOS,Agendas activas CAPS Beccar.xlsx,Procesada correctamente
PSICOLOGA - RADENTI MONICA,EN_AMBOS,Agendas activas CAPS Villa Adelina.xlsx,Procesada correctamente
NUTRICION - PRIMERA VEZ - LIC. CORONEL MARIEL,EN_AMBOS,Agendas activas Hospital Boulogne.xlsx,Procesada correctamente
PEDIATRIA - CAI - DRA. FARFAN SABRINA,EN_AMBOS,Agendas activas CAPS Beccar.xlsx,Procesada correctamente
CUIDADOS PALIATIVOS - DRA. FERNANDEZ MARIA DEL CARMEN,EN_AMBOS,Agendas activas Hospital Boulogne.xlsx,Procesada correctamente
PSICOLOGA - DRA. MARCHESE LAURA,EN_AMBOS,Agendas activas CAPS bajo Boulogne.xlsx,Procesada correctamente
PSICOLOGA - DRA. CAVALIERI VALERIA,EN_AMBOS,Agendas activas CAPS La Ribera.xlsx,Procesada correctamente
PSIQUIATRIA ADULTOS - DR. DUSIO FRANCISCO,EN_AMBOS,Agendas activas CAPS bajo Boulogne.xlsx,Procesada correctamente
PSICOLOGIA - DR. BRUCKMANN TOMAS,EN_AMBOS,Agendas activas CAPS San Isidro Labrador.xlsx,Procesada correctamente
GINECOLOGIA - DRA. ZAPUTOVICH CLARA - ESPONTANEA,EN_AMBOS,Agendas activas CAPS Villa Adelina.xlsx,Procesada correctamente
ODONTOPEDIATRIA - DRA. HERMANN LAURA,EN_AMBOS,Agendas activas Hospital Boulogne.xlsx,Procesada correctamente
ODONTOLOGIA GENERAL - DRA. ROSON MARTINA,EN_AMBOS,Agendas activas Hospital Odontologico.xlsx,Procesada correctamente
UROLOGIA INFANTIL - DR. LEANDRO BERBERIAN,EN_AMBOS,Agendas Activas Hospital Materno.xlsx,Procesada correctamente
OBSTETRICIA BAJO RIESGO - DRA. VERONICA GARBARINO,EN_AMBOS,Agendas Activas Hospital Materno.xlsx,Procesada correctamente
PEDIATRIA - AGENDA SÃ_x0081_BADOS,EN_AMBOS,Agendas activas CAPS San Isidro Labrador.xlsx,Procesada correctamente
OBSTETRICIA BAJO RIESGO - DRA. LUCILA ROSSI RODRIGUEZ CAMPOS,EN_AMBOS,Agendas Activas Hospital Materno.xlsx,Procesada correctamente
GINECOLOGIA - DRA. PARDO LUANA,EN_AMBOS,Agendas activas CAPS bajo Boulogne.xlsx,Procesada correctamente
PEDIATRIA - DRA. CARNA FLORENCIA - ESPONTANEA,EN_AMBOS,Agendas activas CAPS bajo Boulogne.xlsx,Procesada correctamente
PEDIATRIA - ESPONTANEA - DRA. COMMISSI ELISA NOEMÃ_x008d_,EN_AMBOS,Agendas activas CAPS Barrio Obrero.xlsx,Procesada correctamente
CIRUGIA INFANTIL - DR. RODRIGUEZ ROBERTO LEOPOLDO,EN_AMBOS,Agendas Activas Hospital Materno.xlsx,Procesada correctamente
PEDIATRIA - RECIEN NACIDOS,EN_AMBOS,Agendas activas CAPS San Isidro Labrador.xlsx,Procesada correctamente
PSICOLOGIA - LIC. VACCARO DIEGO,EN_AMBOS,Agendas activas CAPS Beccar.xlsx,Procesada correctamente
PSICOPEDAGOGIA - LIC. NATALIA MONICA MONTEMARANI,EN_AMBOS,Agendas activas Centro El Nido.xlsx,Procesada correctamente
PSICOLOGIA - DRA. KORYTKO CARLA,EN_AMBOS,Agendas activas CAPS San Isidro Labrador.xlsx,Procesada correctamente
GINECOLOGIA PROGRAMADA - DRA. MOM MANUELA,EN_AMBOS,Agendas activas CAPS San Isidro Labrador.xlsx,Procesada correctamente
CARDIOLOGIA - DR. RECALDE ANGEL,EN_AMBOS,Agendas activas Hospital Boulogne.xlsx,Procesada correctamente
OBSTETRICIA - RESIDENTE PRIMERA VEZ,EN_AMBOS,Agendas Activas Hospital Materno.xlsx,Procesada correctamente
PEDIATRIA - DRA. CHIFFLET MARIA - PROGRAMADA,EN_AMBOS,Agendas activas CAPS bajo Boulogne.xlsx,Procesada correctamente
OBSTETRICIA ALTO RIESGO - DR. JUAN ALBERTO FAZIO,EN_AMBOS,Agendas Activas Hospital Materno.xlsx,Procesada correctamente
TERAPIA OCUPACIONAL - LIC. ANA SALGADO,EN_AMBOS,Agendas activas Centro El Nido.xlsx,Procesada correctamente
ODONTOLOGÃ_x008d_A - ESPONTÃ_x0081_NEA - DRA. BENITEZ,EN_AMBOS,Agendas activas CAPS Barrio Obrero.xlsx,Procesada correctamente
PEDIATRIA - DR. VARELA EZEQUIEL - ESPONTANEA,EN_AMBOS,Agendas activas CAPS bajo Boulogne.xlsx,Procesada correctamente
MEDICO CLINICO - DR. SALVI ALEJANDRO PROGRAMADA,EN_AMBOS,Agendas activas CAPS Villa Adelina.xlsx,Procesada correctamente
NEUROCIRUGÃ_x008d_A INFANTIL,EN_AMBOS,Agendas Activas Hospital Materno.xlsx,Procesada correctamente
PLANIFICACION FAMILIAR - DRA. CLAUDIA VIVIANA DIEZ BELTRAN,EN_AMBOS,Agendas Activas Hospital Materno.xlsx,Procesada correctamente
GINECOLOGIA - DRA. WAKUGAWA ROSA,EN_AMBOS,Agendas activas Hospital Boulogne.xlsx,Procesada correctamente
DR. MULE - ESPONTANEA MENSUAL,EN_AMBOS,Agendas activas Hospital Boulogne.xlsx,Procesada correctamente
GENERALISTA - DRA. GARCIA MINUZZI MARIANA ANDREA,EN_AMBOS,Agendas activas CAPS La Ribera.xlsx,Procesada correctamente
NUTRICION TRATAMIENTO - LIC. MOTA MORENO ENCARNACION,EN_AMBOS,Agendas activas CAPS Diagonal Salta.xlsx,Procesada correctamente
OTORRINOLARINGOLOGIA - DRA. RODRIGUEZ MARCELA,EN_AMBOS,Agendas activas Hospital Boulogne.xlsx,Procesada correctamente
GRUPO MT-FONO (MITJA-BERENSTECHER),EN_AMBOS,Agendas activas Centro El Nido.xlsx,Procesada correctamente
GINECOLOGIA - DR. LOWCEWICZ BARBARA,EN_AMBOS,Agendas activas Hospital Boulogne.xlsx,Procesada correctamente
PSIQUIATRIA INFANTIL - DRA. CARLOS VARGAS MARIA CRISTINA,EN_AMBOS,Agendas Activas Hospital Materno.xlsx,Procesada correctamente
AGENDA TRIAGE PEDIATRIA,EN_AMBOS,Agendas activas Hospital Boulogne.xlsx,Procesada correctamente
ODONTOLOGIA ADULTOS - ESPONTANEA,EN_AMBOS,Agendas activas CAPS San Isidro Labrador.xlsx,Procesada correctamente
AGENDA CAI GENERAL,EN_AMBOS,Agendas activas CAPS San Isidro Labrador.xlsx,Procesada correctamente
PSICOLOGIA- LIC. MARIA ISABEL MALIS,EN_AMBOS,Agendas activas Hospital Boulogne.xlsx,Procesada correctamente
SEGUIMIENTO NEURODESARROLLO (AVERSA - SALGADO),EN_AMBOS,Agendas activas Centro El Nido.xlsx,Procesada correctamente
PEDIATRIA - DRA. LIBERMAN PAULA - CAI,EN_AMBOS,Agendas activas CAPS Beccar.xlsx,Procesada correctamente
PSIQUIATRIA INFANTIL - DRA. ELENITA TREVIZAN,EN_AMBOS,Agendas Activas Hospital Materno.xlsx,Procesada correctamente
MEDICO CLINCO - DRA. IVANIC ROMINA PROGRAMADA,EN_AMBOS,Agendas activas CAPS Villa Adelina.xlsx,Procesada correctamente
RESIDENTES DE PSIQUIATRIA PEDIATRICO,EN_AMBOS,Agendas Activas Hospital Materno.xlsx,Procesada correctamente
SALUD SEXUAL - DRA. EPSTEIN,EN_AMBOS,Agendas activas CAPS San Pantaleon.xlsx,Procesada correctamente
RADIOLOGIA - MAZZEO MARCELA,EN_AMBOS,Agendas activas Hospital Odontologico.xlsx,Procesada correctamente
GINECOLOGIA PROGRAMADA - DRA. PARDO LUANA,EN_AMBOS,Agendas activas CAPS San Isidro Labrador.xlsx,Procesada correctamente
INFECTOLOGIA ADULTO - OBSTETRICIA HMI,EN_AMBOS,Agendas Activas Hospital Materno.xlsx,Procesada correctamente
NUTRICIONISTA - DIZ MARIANA - GENERAL,EN_AMBOS,Agendas activas CAPS bajo Boulogne.xlsx,Procesada correctamente
SUPERVISION,EN_AMBOS,Agendas activas Centro El Nido.xlsx,Procesada correctamente
ODONTOPEDIATRA - DRA. ROSSI MAGALI,EN_AMBOS,Agendas activas Hospital Boulogne.xlsx,Procesada correctamente
CARDIOLOGIA OBSTETRICA - DR. FLAVIO VOLPI,EN_AMBOS,Agendas Activas Hospital Materno.xlsx,Procesada correctamente
PEDIATRIA CAI - DRA. GRZONA MAGDALENA,EN_AMBOS,Agendas activas CAPS San Isidro Labrador.xlsx,Procesada correctamente
OBSTETRICIA - DRA. CARRO CECILIA,EN_AMBOS,Agendas activas CAPS San Isidro Labrador.xlsx,Procesada correctamente
ENDODONCIA - ESPONTANEA - DRA. TIANO MARINA,EN_AMBOS,Agendas activas Hospital Odontologico.xlsx,Procesada correctamente
OBSTETRICIA - DR. FAZIO JUAN,EN_AMBOS,Agendas activas CAPS Beccar.xlsx,Procesada correctamente
GINECOLOGIA DRA. VALLEJOS SOLEDAD - PROGRAMADA,EN_AMBOS,Agendas activas CAPS bajo Boulogne.xlsx,Procesada correctamente
INFECTOLOGIA INFANTIL - DRA. ANSIO CAROLINA JULIETA,EN_AMBOS,Agendas Activas Hospital Materno.xlsx,Procesada correctamente
PEDIATRIA - DRA. SEGOVIA CECILIA,EN_AMBOS,Agendas activas CAPS Diagonal Salta.xlsx,Procesada correctamente
NUTRICION GENERAL - LIC. CAMILLONI IANINA,EN_AMBOS,Agendas activas CAPS Beccar.xlsx,Procesada correctamente
OBSTETRICIA - DRA. RODRIGUEZ MARTINA,EN_AMBOS,Agendas activas CAPS San Isidro Labrador.xlsx,Procesada correctamente
ALERGIA INFANTIL - DRA. GRACIELA BEATRIZ OZON,EN_AMBOS,Agendas Activas Hospital Materno.xlsx,Procesada correctamente
ODONTOLOGIA ADULTOS-DRA TUBELLO FERNANDA - AGENDA BIS,EN_AMBOS,Agendas activas Hospital Odontologico.xlsx,Procesada correctamente
PSIQUIATRIA INFANTIL - DR. HERRERA,EN_AMBOS,Agendas activas Centro El Nido.xlsx,Procesada correctamente
ODONTOPEDIATRIA - ESPONTANEA - DRA. HERMANN LAURA,EN_AMBOS,Agendas activas Hospital Boulogne.xlsx,Procesada correctamente
GINECOLOGA PAP - DRA WAKUGAWA ROSA,EN_AMBOS,Agendas activas Hospital Boulogne.xlsx,Procesada correctamente
FONOAUDIOLOGIA - LIC. FLORES,EN_AMBOS,Agendas activas Hospital Boulogne.xlsx,Procesada correctamente
GUARDIA MÃ‰DICA CLÃ_x008d_NICA,EN_AMBOS,Agendas activas Hospital Boulogne.xlsx,Procesada correctamente
PEDIATRIA - DRA. GONZALEZ MARIANA SOLEDAD,EN_AMBOS,Agendas activas CAPS Villa Adelina.xlsx,Procesada correctamente
EEG INFORMES - DRA. INES DENZLER,EN_AMBOS,Agendas Activas Hospital Materno.xlsx,Procesada correctamente
GINECOLOGIA,EN_AMBOS,Agendas activas Hospital Boulogne.xlsx,Procesada correctamente
NUTRICION GENERAL - DRA. CORONEL MARIEL,EN_AMBOS,Agendas activas CAPS Villa Adelina.xlsx,Procesada correctamente
ODONTOLOGIA - DRA. VARELA LILIANA,EN_AMBOS,Agendas activas Hospital Boulogne.xlsx,Procesada correctamente
ODONTOLOGIA ADULTOS- DRA. LOBOSCO LAURA,EN_AMBOS,Agendas activas Hospital Odontologico.xlsx,Procesada correctamente
PEDIATRIA - DRA. PONCE AGUSTINA PROGRAMADA,EN_AMBOS,Agendas activas CAPS Villa Adelina.xlsx,Procesada correctamente
NUTRICION TRATAMIENTO - DRA. CAMILLONI IANINA,EN_AMBOS,Agendas activas CAPS San Isidro Labrador.xlsx,Procesada correctamente
OBSTETRICIA ALTO RIESGO - DRA. DANERI MARIA JOSEFINA,EN_AMBOS,Agendas Activas Hospital Materno.xlsx,Procesada correctamente
PEDIATRIA - DRA. PONCE AGUSTINA ESPONTANEA,EN_AMBOS,Agendas activas CAPS Villa Adelina.xlsx,Procesada correctamente
PSICOLOGIA INFANTIL - LIC. JESICA SERRAL,EN_AMBOS,Agendas Activas Hospital Materno.xlsx,Procesada correctamente
GINECOLOGIA - DR. LEITES - GENERAL,EN_AMBOS,Agendas activas CAPS Villa Adelina.xlsx,Procesada correctamente
MEDIANO RIESGO - DRA MARTIN MARIANA,EN_AMBOS,Agendas Activas Hospital Materno.xlsx,Procesada correctamente
ODONTOLOGIA - DRA. MALDONADO AYLEN DENISE,EN_AMBOS,Agendas activas CAPS La Ribera.xlsx,Procesada correctamente
ODONTOLOGÃ_x008d_A - ESPONTÃ_x0081_NEA - DRA. AMIN,EN_AMBOS,Agendas activas CAPS Barrio Obrero.xlsx,Procesada correctamente
DE ACETIS ADULTO ESPONTANEA,EN_AMBOS,Agendas activas CAPS San Isidro Labrador.xlsx,Procesada correctamente
PEDIATRIA CAI - DRA. MAMANI SANDRA,EN_AMBOS,Agendas activas CAPS San Isidro Labrador.xlsx,Procesada correctamente
GRUPAL PSP - PSP (MONTEMARANI - LOPEZ),EN_AMBOS,Agendas activas Centro El Nido.xlsx,Procesada correctamente
CIRUGIA MAXILOFACIAL - DR. ASTIGUETA MARIANO,EN_AMBOS,Agendas activas Hospital Odontologico.xlsx,Procesada correctamente
OBSTETRICIA - ECG EMBARAZADAS,EN_AMBOS,Agendas Activas Hospital Materno.xlsx,Procesada correctamente
SUPERVISION DE TRATAMIENTO - DRA. CONDE,EN_AMBOS,Agendas activas Centro El Nido.xlsx,Procesada correctamente
OBSTETRICIA - LIC. MANCINELLI STELLA MARIS,EN_AMBOS,Agendas activas CAPS San Pantaleon.xlsx,Procesada correctamente
ODONTOLOGÃ_x008d_A ADULTOS- GALMARINI GISELA - AGENDA BIS,EN_AMBOS,Agendas activas Hospital Odontologico.xlsx,Procesada correctamente
RECIEN NACIDO - RESIDENTE NIÃ‘O SANO,EN_AMBOS,Agendas Activas Hospital Materno.xlsx,Procesada correctamente
PSIQUIATRIA INFANTIL - DRA. MONICA ZAMBRANA DURAN,EN_AMBOS,Agendas Activas Hospital Materno.xlsx,Procesada correctamente
MEDICO CLINICO - DR. SALVI ALEJANDRO - ESPONTANEA,EN_AMBOS,Agendas activas CAPS Villa Adelina.xlsx,Procesada correctamente
NUTRICION INFANTIL - DRA. FRESCO CONSTANZA,EN_AMBOS,Agendas Activas Hospital Materno.xlsx,Procesada correctamente
FONOAUDIOLOGIA INFANTIL - LIC. GALUPPO KARINA VERINICA,EN_AMBOS,Agendas Activas Hospital Materno.xlsx,Procesada correctamente
PEDIATRIA - DRA. OCAÃ‘A CAROLINA,EN_AMBOS,Agendas activas CAPS La Ribera.xlsx,Procesada correctamente
NUTRICIONISTA - DRA. MARTINEZ NOELIA - GENERAL,EN_AMBOS,Agendas activas CAPS bajo Boulogne.xlsx,Procesada correctamente
PSICOLOGA - DR.VACCARO DIEGO,EN_AMBOS,Agendas activas CAPS Villa Adelina.xlsx,Procesada correctamente
PSICOLOGA - RADENTI MONICA - ADMISION,EN_AMBOS,Agendas activas CAPS Villa Adelina.xlsx,Procesada correctamente
PEDIATRIA - DRA. GRANT CRISTINA ESPONTANEA,EN_AMBOS,Agendas activas CAPS Villa Adelina.xlsx,Procesada correctamente
OBSTETRICIA BAJO RIESGO - DR. ADOLFO RIVARA,EN_AMBOS,Agendas Activas Hospital Materno.xlsx,Procesada correctamente
ESTIMULACION TEMPRANA - DRA. MUÃ‘OZ INES,EN_AMBOS,Agendas activas CAPS bajo Boulogne.xlsx,Procesada correctamente
OTORRINOLARINGOLOGIA INFANTIL - DRA. MALENA VEGA MARTARI,EN_AMBOS,Agendas Activas Hospital Materno.xlsx,Procesada correctamente
RONDA SANITARIA,EN_AMBOS,Agendas activas CAPS La Ribera.xlsx,Procesada correctamente
ODONTOLOGIA - DR. RABOSTO MATIAS - PROGRAMADA,EN_AMBOS,Agendas activas CAPS La Ribera.xlsx,Procesada correctamente
PEDIATRIA - DRA. MADEO ANA,EN_AMBOS,Agendas activas CAPS Diagonal Salta.xlsx,Procesada correctamente
CIRUGIA GRAL. INFANTIL - CIRUGIA RESIDENTE POST OPERATORIO,EN_AMBOS,Agendas Activas Hospital Materno.xlsx,Procesada correctamente
GINECOLOGIA IMPLANTES - DRA. GIULIODIBARI NORA,EN_AMBOS,Agendas activas CAPS San Isidro Labrador.xlsx,Procesada correctamente
ONCOLOGIA - DRA. BOSSI PONCE MA. NOELIA,EN_AMBOS,Agendas activas Hospital Boulogne.xlsx,Procesada correctamente
ODONTOLOGIA - DRA. AGUIRRE MARCELA - PROGRAMADA,EN_AMBOS,Agendas activas CAPS bajo Boulogne.xlsx,Procesada correctamente
PSICOLOGA - DRA GONZALEZ CRISTINA,EN_AMBOS,Agendas activas CAPS bajo Boulogne.xlsx,Procesada correctamente
TRABAJO SOCIAL - LIC. VERONICA CECILIA SPINELLI,EN_AMBOS,Agendas activas Centro El Nido.xlsx,Procesada correctamente
CIRUGIA- DR JIMENEZ CALABRESE PATRICIO,EN_AMBOS,Agendas activas Hospital Odontologico.xlsx,Procesada correctamente
FONOAUDIOLOGIA - LIC. PAULA ISABEL MITJA,EN_AMBOS,Agendas activas Centro El Nido.xlsx,Procesada correctamente
ODONTOLOGÃ_x008d_A - ESPONTÃ_x0081_NEA - DRA. AMIN - Copia,EN_AMBOS,Agendas activas CAPS Barrio Obrero.xlsx,Procesada correctamente
CLINICA MEDICA - ESPONTANEA - DR. MARRASSINI NICOLAS,EN_AMBOS,Agendas activas CAPS Diagonal Salta.xlsx,Procesada correctamente
PEDIATRIA - DRA. ESPOSITO EMILIA,EN_AMBOS,Agendas activas CAPS San Pantaleon.xlsx,Procesada correctamente
CLINICA MEDICA - DRA. LONGARINI MARISA,EN_AMBOS,Agendas activas CAPS Beccar.xlsx,Procesada correctamente
"GRUPAL, COORDINACION CASI (GALLO - ALBERIO - SPINELLI)",EN_AMBOS,Agendas activas Centro El Nido.xlsx,Procesada correctamente
NEFROLOGIA INFANTIL - DRA. BRAVO VERONICA,EN_AMBOS,Agendas Activas Hospital Materno.xlsx,Procesada correctamente
UROLOGIA - DR. OCAMPO JOSE MARIA,EN_AMBOS,Agendas activas Hospital Boulogne.xlsx,Procesada correctamente
OFTALMOLOGIA INFANTIL - DRA. CUNEO MA. GABRIELA,EN_AMBOS,Agendas activas Hospital Boulogne.xlsx,Procesada correctamente
CONTROL POST ALTA,EN_AMBOS,Agendas activas Hospital Boulogne.xlsx,Procesada correctamente
PSICOLOGIA - LIC. MARIA ALEJANDRA BONAVENTURA,EN_AMBOS,Agendas activas Centro El Nido.xlsx,Procesada correctamente
ODONTOLOGIA - DRA. MENEGATTI ALEJANDRA,EN_AMBOS,Agendas activas CAPS San Pantaleon.xlsx,Procesada correctamente
ONCOLOGIA - DRA. LOPEZ ERICA,EN_AMBOS,Agendas activas Hospital Boulogne.xlsx,Procesada correctamente
PSICOLOGA - DRA. DI SANTO GABRIELA,EN_AMBOS,Agendas activas CAPS bajo Boulogne.xlsx,Procesada correctamente
RADIOLOGIA - MAZZEO MARCELA - AGENDA BIS,EN_AMBOS,Agendas activas Hospital Odontologico.xlsx,Procesada correctamente
PUERPERIO PRE CONCEPCIONAL - DRA. EMILIA SOLEDAD SAGARNA,EN_AMBOS,Agendas Activas Hospital Materno.xlsx,Procesada correctamente
MEDICO CLINICO - DR. PORTA ESTEBAN,EN_AMBOS,Agendas activas CAPS San Isidro Labrador.xlsx,Procesada correctamente
PSICOPEDAGOGIA - DRA. GRACIELA VALLA,EN_AMBOS,Agendas Activas Hospital Materno.xlsx,Procesada correctamente
MEDICINA FAMILIAR CONSULTORIO 3,EN_AMBOS,Agendas activas CAPS San Pantaleon.xlsx,Procesada correctamente
ENDOCRINOLOGIA - DRA. URBINI TAMARA,EN_AMBOS,Agendas activas CAPS San Isidro Labrador.xlsx,Procesada correctamente
GRUPAL EVALUACION KINE (BALESTRA-AVERSA),EN_AMBOS,Agendas activas Centro El Nido.xlsx,Procesada correctamente
PSICO-ONCOLOGIA - DRA. GARCIA YUBRO SYLVIA,EN_AMBOS,Agendas activas Hospital Boulogne.xlsx,Procesada correctamente
PSICOLOGIA - LIC. ARTANER MARIA CECILIA,EN_AMBOS,Agendas activas CAPS Beccar.xlsx,Procesada correctamente
INFECTOLOGIA - DRA. URUEÃ‘A ANALIA,EN_AMBOS,Agendas activas Hospital Boulogne.xlsx,Procesada correctamente
CLINICA MEDICA - CAI - DRA. LONGARINI MARISA,EN_AMBOS,Agendas activas CAPS Beccar.xlsx,Procesada correctamente
ODONTOLOGIA ADULTOS - NOYA ANDREA - ESPONTANEA,EN_AMBOS,Agendas activas Hospital Odontologico.xlsx,Procesada correctamente
ODONTOPEDIATRIA- DRA. BENITEZ IBARRA ADA ESTELA,EN_AMBOS,Agendas activas Hospital Boulogne.xlsx,Procesada correctamente
PEDIATRIA - DRA. GRANT CRISTINA PROGRAMADA,EN_AMBOS,Agendas activas CAPS Villa Adelina.xlsx,Procesada correctamente
PEDIATRIA - DRA. IRIGOITIA SABRINA,EN_AMBOS,Agendas activas CAPS Beccar.xlsx,Procesada correctamente
CIRUGIA PLASTICA INFANTIL - DRA. BERNI ANDREA RAQUEL,EN_AMBOS,Agendas Activas Hospital Materno.xlsx,Procesada correctamente
NUTRICION TRATAMIENTO - LIC. CAMILLONI IANINA,EN_AMBOS,Agendas activas CAPS Beccar.xlsx,Procesada correctamente
GRUPAL CASI 2 (SOBRADO-ONOSTRE-MONTEMARANI-RODRIGUEZ),EN_AMBOS,Agendas activas Centro El Nido.xlsx,Procesada correctamente
ODONTOLOGIA - DRA. AMIN KARINA,EN_AMBOS,Agendas activas CAPS Beccar.xlsx,Procesada correctamente
FONOAUDIOLOGIA - LIC. TORRES MARIA VERONICA,EN_AMBOS,Agendas Activas Hospital Materno.xlsx,Procesada correctamente
MEDIANO RIESGO - DRA. INFANZON BRENDA,EN_AMBOS,Agendas Activas Hospital Materno.xlsx,Procesada correctamente
MEDICO CLINICO - DR. PORTA ESTEBAN - PROGRAMADA,EN_AMBOS,Agendas activas CAPS bajo Boulogne.xlsx,Procesada correctamente
PSICOLOGIA - LIC. VANELLI ROMINA,EN_AMBOS,Agendas activas Hospital Boulogne.xlsx,Procesada correctamente
MEDICO CLINICO POST ALTA - DRA. ROMERO MARLENE,EN_AMBOS,Agendas activas CAPS San Isidro Labrador.xlsx,Procesada correctamente
ODONTOLOGIA ADULTO - DRA. MARTINEZ LILIANA - PROGRAMADA,EN_AMBOS,Agendas activas CAPS bajo Boulogne.xlsx,Procesada correctamente
ADOLESCENCIA - DRA. PICCOLI SABRINA - ESPONTANEA,EN_AMBOS,Agendas activas CAPS bajo Boulogne.xlsx,Procesada correctamente
PEDIATRIA - DRA. MARANGELLI ANTONELLA ESPONTANEA,EN_AMBOS,Agendas activas CAPS Villa Adelina.xlsx,Procesada correctamente
FONOAUDIOLOGIA - LIC. ANGELINA CHAPITEL,EN_AMBOS,Agendas activas Centro El Nido.xlsx,Procesada correctamente
DERMATOLOGIA BOULOGNE - RESIDENTES - DRA TROTTA,EN_AMBOS,Agendas activas Hospital Boulogne.xlsx,Procesada correctamente
MEDICO CLINICO - ESPONTANEA - DRA. CARAFI SILVIA INÃ‰S,EN_AMBOS,Agendas activas CAPS Barrio Obrero.xlsx,Procesada correctamente
NUTRICION TRATAMIENTO - DRA. POLLAVINI LUCIANA,EN_AMBOS,Agendas activas CAPS San Isidro Labrador.xlsx,Procesada correctamente
OBSTETRICIA BAJO RIESGO - DRA. CLARA ZAPUTOVICH,EN_AMBOS,Agendas Activas Hospital Materno.xlsx,Procesada correctamente
ODONTOLOGÃ_x008d_A ADULTOS- GIANNONE VERONICA - AGENDA BIS,EN_AMBOS,Agendas activas Hospital Odontologico.xlsx,Procesada correctamente
ODONTOLOGÃ_x008d_A ADULTOS- GIANNONE VERONICA,EN_AMBOS,Agendas activas Hospital Odontologico.xlsx,Procesada correctamente
CARDIOLOGIA - ECG - ESPONTANEA,EN_AMBOS,Agendas activas CAPS bajo Boulogne.xlsx,Procesada correctamente
NUTRICION - RONDA SANITARIA - LIC. BRUNO CECILIA,EN_AMBOS,Agendas activas CAPS San Pantaleon.xlsx,Procesada correctamente
GRUPAL CASI 3 (SALGADO-MITJA-BONAVENTURA),EN_AMBOS,Agendas activas Centro El Nido.xlsx,Procesada correctamente
PSIQUIATRIA INFANTIL - DRA. EVELINE LALANNE,EN_AMBOS,Agendas Activas Hospital Materno.xlsx,Procesada correctamente
OTORRINOLARINGOLOGIA INFANTIL - DRA. HERMIDA ANDREA,EN_AMBOS,Agendas Activas Hospital Materno.xlsx,Procesada correctamente
DERMATOLOGIA BOULOGNE - PROCEDIMIENTOS - DRA. TROTTA,EN_AMBOS,Agendas activas Hospital Boulogne.xlsx,Procesada correctamente
MEDICINA FAMILIAR CONSULTORIO 4,EN_AMBOS,Agendas activas CAPS San Pantaleon.xlsx,Procesada correctamente
TRAUMATOLOGIA COLUMNA NIÃ‘OS - DR. CARLOS RODRIGUEZ,EN_AMBOS,Agendas Activas Hospital Materno.xlsx,Procesada correctamente
PEDIATRÃ_x008d_A DEL DESARROLLO - DRA. CONDE,EN_AMBOS,Agendas activas Centro El Nido.xlsx,Procesada correctamente
PSICOLOGIA - LIC. SEGOVIA MARA,EN_AMBOS,Agendas activas Hospital Boulogne.xlsx,Procesada correctamente
DERMATOLOGIA INFANTIL - DRA. QUIROGA ELOISA,EN_AMBOS,Agendas Activas Hospital Materno.xlsx,Procesada correctamente
GRUPAL CASI TEAM 1 (PANIZZA - ARCHELLI - AVERSA - LOPEZ),EN_AMBOS,Agendas activas Centro El Nido.xlsx,Procesada correctamente
PSICOLOGIA Y PSICOPEDAGOGIA - LIC. LAURA RODRIGUEZ,EN_AMBOS,Agendas activas Centro El Nido.xlsx,Procesada correctamente
CARDIOLOGIA INFANTIL - ELECTROCARDIOGRAMA,EN_AMBOS,Agendas Activas Hospital Materno.xlsx,Procesada correctamente
PEDIATRIA - CAI - DRA. ROSALES ANDREA,EN_AMBOS,Agendas activas CAPS Beccar.xlsx,Procesada correctamente
PEDIATRIA - DRA. ROSALES ANDREA,EN_AMBOS,Agendas activas CAPS Beccar.xlsx,Procesada correctamente
CARDIOLOGÃ_x008d_A - DRA. ZAYAT ANDREA,EN_AMBOS,Agendas Activas Hospital Materno.xlsx,Procesada correctamente
ODONTOLOGIA - DRA. DE ACETIS,EN_AMBOS,Agendas activas CAPS San Isidro Labrador.xlsx,Procesada correctamente
EEG INFORMES - DRA. CAROLINA CORONEL,EN_AMBOS,Agendas Activas Hospital Materno.xlsx,Procesada correctamente
OBSTETRICIA ALTO RIESGO - DRA. NADIA VANINA LATIF,EN_AMBOS,Agendas Activas Hospital Materno.xlsx,Procesada correctamente
AGENDA INFECTOLOGIA - ESPONTANEA,EN_AMBOS,Agendas activas CAPS San Isidro Labrador.xlsx,Procesada correctamente
GINECOLOGIA - DR. GONZALEZ ADALBERTO - ESPONTANEA,EN_AMBOS,Agendas activas CAPS Barrio Obrero.xlsx,Procesada correctamente
ODONTOLOGÃ_x008d_A ADULTOS- DRA MENDEZ LILIANA - AGENDA BIS,EN_AMBOS,Agendas activas Hospital Odontologico.xlsx,Procesada correctamente
OBSTETRICIA - DRA. LATIF,EN_AMBOS,Agendas activas CAPS Beccar.xlsx,Procesada correctamente
EVALUACION DEL DESARROLLO - DRA. MARIA JOSE FATTORE,EN_AMBOS,Agendas activas Centro El Nido.xlsx,Procesada correctamente
KINESIOLOGIA INFANTIL - DRA. PERRON NATALIA,EN_AMBOS,Agendas Activas Hospital Materno.xlsx,Procesada correctamente
MEDICO CLINICO DRA. DIEGUEZ GABRIELA,EN_AMBOS,Agendas activas CAPS Barrio Obrero.xlsx,Procesada correctamente
INFANTO JUVENIL - DRA. CLAUDIA VIVIANA DIEZ BELTRAN,EN_AMBOS,Agendas Activas Hospital Materno.xlsx,Procesada correctamente
DIRECTOR MEDICO - DR. ISHII GUILLERMO - ESPONTANEA,EN_AMBOS,Agendas activas CAPS bajo Boulogne.xlsx,Procesada correctamente
ODONTOLOGÃ_x008d_A ADULTOS - AGUIRRE MARCELA - AGENDA BIS,EN_AMBOS,Agendas activas Hospital Odontologico.xlsx,Procesada correctamente
GINECOLOGIA - DRA. MOM MANUELA,EN_AMBOS,Agendas activas CAPS Beccar.xlsx,Procesada correctamente
NUTRICION GENERAL - DRA. POLLAVINI LUCIANA,EN_AMBOS,Agendas activas CAPS San Isidro Labrador.xlsx,Procesada correctamente
ODONTOLOGIA ADULTOS-DRA TUBELLO FERNANDA,EN_AMBOS,Agendas activas Hospital Odontologico.xlsx,Procesada correctamente
NUTRICION INFANTIL - LIC. COVELLI DANIELA EUGENIA,EN_AMBOS,Agendas Activas Hospital Materno.xlsx,Procesada correctamente
GINECOLOGIA - DRA. GONZALEZ MELISA,EN_AMBOS,Agendas activas CAPS bajo Boulogne.xlsx,Procesada correctamente
TRAUMATOLOGIA INFANTIL - DR. SEBASTIAN TRONCONI,EN_AMBOS,Agendas Activas Hospital Materno.xlsx,Procesada correctamente
ODONTOLOGÃ_x008d_A ADULTOS -DRA BEVACQUA RITA - AGENDA BIS,EN_AMBOS,Agendas activas Hospital Odontologico.xlsx,Procesada correctamente
GINECOLOGIA - GINECOLOGIA QUIRUGICA HMI,EN_AMBOS,Agendas Activas Hospital Materno.xlsx,Procesada correctamente
GINECOLOGIA - DRA. LADOUX AGUSTINA - DIU,EN_AMBOS,Agendas activas CAPS bajo Boulogne.xlsx,Procesada correctamente
AGENDA ECOGRAFIA,EN_AMBOS,Agendas activas CAPS San Isidro Labrador.xlsx,Procesada correctamente
TRAUMATOLOGIA INFANTIL - DRA. MARIA PIA PUCCINELLI,EN_AMBOS,Agendas Activas Hospital Materno.xlsx,Procesada correctamente
PEDIATRIA - MARANGELLI ANTONELA,EN_AMBOS,Agendas activas CAPS La Ribera.xlsx,Procesada correctamente
PEDIATRIA - ESPONTANEA - DRA. SEGOVIA CECILIA,EN_AMBOS,Agendas activas CAPS Diagonal Salta.xlsx,Procesada correctamente
PSICOPEDAGOGIA - LIC. SALVATORE PAULA,EN_AMBOS,Agendas activas Hospital Boulogne.xlsx,Procesada correctamente
PSICOFISICO - DRA. DI SANTO,EN_AMBOS,Agendas activas CAPS bajo Boulogne.xlsx,Procesada correctamente
TRABAJO SOCIAL - LIC. MORETTI MARIA LAURA,EN_AMBOS,Agendas activas CAPS San Pantaleon.xlsx,Procesada correctamente
PSIQUIATRIA - DRA. MORERO PAULA - PROGRAMADA,EN_AMBOS,Agendas activas CAPS San Isidro Labrador.xlsx,Procesada correctamente
GRUPO MT-PSP (BERENSTECHER - MONTEMARANI),EN_AMBOS,Agendas activas Centro El Nido.xlsx,Procesada correctamente
CLINICA MEDICA - DR. SALVI ALEJANDRO,EN_AMBOS,Agendas activas Hospital Boulogne.xlsx,Procesada correctamente
KINESIOLOGIA - DRA. DE LUCCHI,EN_AMBOS,Agendas activas Hospital Boulogne.xlsx,Procesada correctamente
KINESIOLOGIA INFANTIL - DRA. FERREIRA MARINA,EN_AMBOS,Agendas Activas Hospital Materno.xlsx,Procesada correctamente
GRUPO PSICOPEDAGOGIA PSICOLOGIA (MONTEMARANI - GIUSTINIANO),EN_AMBOS,Agendas activas Centro El Nido.xlsx,Procesada correctamente
HERIDAS-PIE DIABETICO-DRA GIAGNORIO,EN_AMBOS,Agendas activas Hospital Boulogne.xlsx,Procesada correctamente
LIC. EN PSICOLOGIA VERON NATALIA,EN_AMBOS,Agendas activas CAPS Barrio Obrero.xlsx,Procesada correctamente
GINECOLOGIA PROGRAMADA - DRA. GIULIODIBARI NORA,EN_AMBOS,Agendas activas CAPS San Isidro Labrador.xlsx,Procesada correctamente
PEDIATRIA - DR. MEDINA LUIS,EN_AMBOS,Agendas activas CAPS Beccar.xlsx,Procesada correctamente
ODONTOLOGIA - DR. RODRIGUEZ CAMPOS PILAR,EN_AMBOS,Agendas activas Hospital Boulogne.xlsx,Procesada correctamente
INFECTOLOGIA INFANTIL - DRA. GAIANO ALEJANDRA,EN_AMBOS,Agendas Activas Hospital Materno.xlsx,Procesada correctamente
ALTO RIESGO RECIEN NACIDO - DRA. TEISAIRE,EN_AMBOS,Agendas Activas Hospital Materno.xlsx,Procesada correctamente
TRAUMATOLOGIA INFANTIL - SOBRETURNOS,EN_AMBOS,Agendas Activas Hospital Materno.xlsx,Procesada correctamente
PSICOLOGA - DRA. INI FLORENCIA,EN_AMBOS,Agendas activas CAPS La Ribera.xlsx,Procesada correctamente
MEDICINA FAMILIAR CONSULTORIO 1,EN_AMBOS,Agendas activas CAPS San Pantaleon.xlsx,Procesada correctamente
RADIOLOGIA - GONZALEZ JANAMPA DANIEL - AGENDA BIS,EN_AMBOS,Agendas activas Hospital Odontologico.xlsx,Procesada correctamente
ONCOLOGIA-DRA PANCHUK,EN_AMBOS,Agendas activas Hospital Boulogne.xlsx,Procesada correctamente
MEDIANO RIESGO - DRA. DOMINGUEZ YESICA,EN_AMBOS,Agendas Activas Hospital Materno.xlsx,Procesada correctamente
ODONTOLOGIA ADULTOS- CALORINA VARGAS,EN_AMBOS,Agendas activas CAPS San Isidro Labrador.xlsx,Procesada correctamente
MEDICINA FAMILIAR CONSULTORIO 2,EN_AMBOS,Agendas activas CAPS San Pantaleon.xlsx,Procesada correctamente
PEDIATRIA - DRA. CHIFFLET MARIA - RECIEN NACIDOS,EN_AMBOS,Agendas activas CAPS bajo Boulogne.xlsx,Procesada correctamente
NEUROLOGIA INFANTIL - DRA. CAROLINA BEATRIZ CORONEL,EN_AMBOS,Agendas Activas Hospital Materno.xlsx,Procesada correctamente
ODONTOLOGÃ_x008d_A - ASTIAGUETA MARIANO,EN_AMBOS,Agendas activas Hospital Odontologico.xlsx,Procesada correctamente
ODONTOLOGIA - ESPONTANEA - DRA.SALEGEL CAROLINA YAEL,EN_AMBOS,Agendas activas CAPS Barrio Obrero.xlsx,Procesada correctamente
PSCIOLOGIA INFANTIL - PANIZZA MARÃ_x008d_A MIRTHA,EN_AMBOS,Agendas Activas Hospital Materno.xlsx,Procesada correctamente
GASTROENTEROLOGIA - DRA. SOLIS NEFFA ROSANA,EN_AMBOS,Agendas Activas Hospital Materno.xlsx,Procesada correctamente
EEG INFORMES - DRA. JIMENA FIARE,EN_AMBOS,Agendas Activas Hospital Materno.xlsx,Procesada correctamente
PSIQUIATRIA INFANTIL - DRA. MATILDE FEIJOO,EN_AMBOS,Agendas Activas Hospital Materno.xlsx,Procesada correctamente
MEDICO CLINICO - DR. PORTA ESTEBAN PROGRAMADA,EN_AMBOS,Agendas activas CAPS Villa Adelina.xlsx,Procesada correctamente
ENDODONCIA-DRA TIANO MARINA,EN_AMBOS,Agendas activas Hospital Odontologico.xlsx,Procesada correctamente
MEDICO CLINCO - DRA. IVANIC ROMINA ESPONTANEA,EN_AMBOS,Agendas activas CAPS Villa Adelina.xlsx,Procesada correctamente
PSIQUIATRIA - DRA. MORERO PAULA - ESPONTANEA,EN_AMBOS,Agendas activas CAPS San Isidro Labrador.xlsx,Procesada correctamente
NUTRICION TRATAMIENTO - BERTOZZI ELIZABEH VERONICA,EN_AMBOS,Agendas activas CAPS La Ribera.xlsx,Procesada correctamente
ODONTOLOGÃ_x008d_A ADULTOS -DRA APEREZ SILVANA MARIEL - AGENDA BIS,EN_AMBOS,Agendas activas Hospital Odontologico.xlsx,Procesada correctamente
PEDIATRIA - ESPONTANEA - DRA. SEVILLA GABRIELA,EN_AMBOS,Agendas activas CAPS Barrio Obrero.xlsx,Procesada correctamente
SUPERVISIÃ“N DE TRATAMIENTO,EN_AMBOS,Agendas activas Centro El Nido.xlsx,Procesada correctamente
ODONTOLOGIA OBSTETRICIA - DRA. MARIA FERNANDA TUBELLO,EN_AMBOS,Agendas Activas Hospital Materno.xlsx,Procesada correctamente
OBSTETRICIA - DRA. CARRO MARIA CECILIA,EN_AMBOS,Agendas Activas Hospital Materno.xlsx,Procesada correctamente
ODONTOLOGIA - DRA. BIANCHI JULIETA,EN_AMBOS,Agendas activas Hospital Boulogne.xlsx,Procesada correctamente
PEDIATRIA - ESPONTANEA - DRA. ALLEVA GRACIELA,EN_AMBOS,Agendas activas CAPS Barrio Obrero.xlsx,Procesada correctamente
GINECOLOGIA PAP EMBARAZADAS - DRA. GIULIODIBARI NORA,EN_AMBOS,Agendas activas CAPS San Isidro Labrador.xlsx,Procesada correctamente
GRUPAL PSICOLOGIA INFANTIL (BONAVENTURA - RODRIGUEZ),EN_AMBOS,Agendas activas Centro El Nido.xlsx,Procesada correctamente
LIC. EN TRABAJO SOCIAL SANTILLÃ_x0081_N LUCIA,EN_AMBOS,Agendas activas CAPS Barrio Obrero.xlsx,Procesada correctamente
ODONTOLOGIA ADULTOS- DRA. LOBOSCO LAURA - AGENDA BIS,EN_AMBOS,Agendas activas Hospital Odontologico.xlsx,Procesada correctamente
AGENDA ESPONTANEA,EN_AMBOS,Agendas activas Hospital Odontologico.xlsx,Procesada correctamente
GINECOLOGIA PAP EMBARAZADAS - DRA WAKUGAWA ROSA,EN_AMBOS,Agendas activas Hospital Boulogne.xlsx,Procesada correctamente
MEDICO CLINICO - DRA. KOSMUS LAURA ESPONTANEA,EN_AMBOS,Agendas activas CAPS Villa Adelina.xlsx,Procesada correctamente
CLINICA MEDICA - DRA. KOSMUS LAURA,EN_AMBOS,Agendas activas Hospital Boulogne.xlsx,Procesada correctamente
MEDICO CLINICO - DRA. LUZI CONSTANZA,EN_AMBOS,Agendas activas CAPS San Isidro Labrador.xlsx,Procesada correctamente
DIABETOLOGIA - DRA GIAGNORIO,EN_AMBOS,Agendas activas Hospital Boulogne.xlsx,Procesada correctamente
TEST ALERGIA - DRA. GRACIELA BEATRIZ OZON,EN_AMBOS,Agendas Activas Hospital Materno.xlsx,Procesada correctamente
ODONTOLOGIA - DRA. BONET - ESPONTANEA,EN_AMBOS,Agendas activas CAPS La Ribera.xlsx,Procesada correctamente
ODONTOLOGIA - DRA. COLOMBO LORENA PROGRAMADA,EN_AMBOS,Agendas activas CAPS Villa Adelina.xlsx,Procesada correctamente
MAMOGRAFIA,EN_AMBOS,Agendas activas Hospital Boulogne.xlsx,Procesada correctamente
ODONTOLOGIA - ESPONTANEA - DR. RABOSTO MATIAS,EN_AMBOS,Agendas activas CAPS Diagonal Salta.xlsx,Procesada correctamente
REUMATOLOGIA - DRA. ACEVEDO MA. MAGDALENA,EN_AMBOS,Agendas activas Hospital Boulogne.xlsx,Procesada correctamente
PEDIATRIA DRA. TABOADA VERÃ“NICA MARIEL,EN_AMBOS,Agendas activas CAPS Barrio Obrero.xlsx,Procesada correctamente
GRUPAL REUNION INSTITUCIONAL (FATTORE - SPINELLI),EN_AMBOS,Agendas activas Centro El Nido.xlsx,Procesada correctamente
TRABAJADORA SOCIAL - LIC. VILLANUEVA MARIA,EN_AMBOS,Agendas activas CAPS La Ribera.xlsx,Procesada correctamente
CLINICA MEDICA - ESPONTANEA - DR. CARRIERI NICOLAS,EN_AMBOS,Agendas activas CAPS Diagonal Salta.xlsx,Procesada correctamente
GINECOLOGIA DIU - DRA. GIULIODIBARI NORA,EN_AMBOS,Agendas activas CAPS San Isidro Labrador.xlsx,Procesada correctamente
PSIQUIATRIA INFANTIL - DRA. ELINNETH MARQUEZ COLMENARES,EN_AMBOS,Agendas Activas Hospital Materno.xlsx,Procesada correctamente
PSICOPEDAGOGIA - LIC. CLAUDIA ALEJANDRA ONOSTRE,EN_AMBOS,Agendas activas Centro El Nido.xlsx,Procesada correctamente
ORTODONCIA INFANTIL - DRA. MARIA DEL JESUS,EN_AMBOS,Agendas Activas Hospital Materno.xlsx,Procesada correctamente
GINECOLOGIA - DRA. FOLINO ALDANA ESPONTANEA,EN_AMBOS,Agendas activas CAPS Villa Adelina.xlsx,Procesada correctamente
PLANIFICACION FAMILIAR - RESIDENTE OBSTETRICIA,EN_AMBOS,Agendas Activas Hospital Materno.xlsx,Procesada correctamente
PEDIATRIA CAI - DRA. GROSSO CARINA,EN_AMBOS,Agendas activas CAPS San Isidro Labrador.xlsx,Procesada correctamente
ODONTOLOGIA - MALDONADO AYLEN,EN_AMBOS,Agendas activas CAPS Diagonal Salta.xlsx,Procesada correctamente
KINESIOLOGIA Y FISIATRIA - LIC. SOFIA BALESTRA,EN_AMBOS,Agendas activas Centro El Nido.xlsx,Procesada correctamente
ENFERMERIA,EN_AMBOS,Agendas activas CAPS San Pantaleon.xlsx,Procesada correctamente
PEDIATRIA DEL DESARROLLO - DRA. MARIA JOSE FATTORE,EN_AMBOS,Agendas activas Centro El Nido.xlsx,Procesada correctamente
PEDIATRIA DRA. SEVILLA GABRIELA,EN_AMBOS,Agendas activas CAPS Barrio Obrero.xlsx,Procesada correctamente
OBSTETRICIA BAJO RIESGO - DRA. EMILIA SOLEDAD SAGARNA,EN_AMBOS,Agendas Activas Hospital Materno.xlsx,Procesada correctamente
PEDIATRIA - DR. COS CARLOS - ESPONTANEA,EN_AMBOS,Agendas activas CAPS Beccar.xlsx,Procesada correctamente
ODONTOLOGÃ_x008d_A ADULTOS -DRA APEREZ SILVANA MARIEL,EN_AMBOS,Agendas activas Hospital Odontologico.xlsx,Procesada correctamente
MEDICO CLINICO - DRA. ORTIZ YULIANA - PROGRAMADA,EN_AMBOS,Agendas activas CAPS bajo Boulogne.xlsx,Procesada correctamente
PEDIATRIA PROGRAMADA - DRA. GRZONA MAGDALENA,EN_AMBOS,Agendas activas CAPS San Isidro Labrador.xlsx,Procesada correctamente
ECOGRAFIA - DRA. SPOTORNO ANDREA,EN_AMBOS,Agendas activas Hospital Boulogne.xlsx,Procesada correctamente
ECOGRAFIAS - DR. MIRETTI MARCELO,EN_AMBOS,Agendas activas CAPS bajo Boulogne.xlsx,Procesada correctamente
PEDIATRIA - DRA. BUTRON NATALIA - ESPONTANEA,EN_AMBOS,Agendas activas CAPS bajo Boulogne.xlsx,Procesada correctamente
DERMATOLOGIA - DRA. MONTECCHIESI MA. GABRIELA,EN_AMBOS,Agendas activas Hospital Boulogne.xlsx,Procesada correctamente
ODONTOLOGÃ_x008d_A ADULTOS - DRA NOYA ANDREA VERONICA - AGENDA BIS,EN_AMBOS,Agendas activas Hospital Odontologico.xlsx,Procesada correctamente
MEDICO CLINICO - DR. MARRASSINI NICOLAS - PROGRAMADA,EN_AMBOS,Agendas activas CAPS bajo Boulogne.xlsx,Procesada correctamente
OBSTETRICIA - DRA. BAZZI LORENA,EN_AMBOS,Agendas activas CAPS Barrio Obrero.xlsx,Procesada correctamente
GRUPO COE GENERAL (ARCHELLI - GIUSTINIANO),EN_AMBOS,Agendas activas Centro El Nido.xlsx,Procesada correctamente
OBSTETRICIA - DRA. BARCO MELISA,EN_AMBOS,Agendas activas CAPS Villa Adelina.xlsx,Procesada correctamente
PEDIATRIA - DRA. CARNA FLORENCIA - PROGRAMADA,EN_AMBOS,Agendas activas CAPS bajo Boulogne.xlsx,Procesada correctamente
MEDICA CLINICA PROGRAMADA - DRA. ROMERO MARLENE,EN_AMBOS,Agendas activas CAPS San Isidro Labrador.xlsx,Procesada correctamente
ODONTOLOGÃ_x008d_A - ESPONTÃ_x0081_NEA - DRA. MILLAN,EN_AMBOS,Agendas activas CAPS Barrio Obrero.xlsx,Procesada correctamente
NUTRICION TRATAMIENTO - TARDE - CORONEL MARIEL,EN_AMBOS,Agendas activas Hospital Boulogne.xlsx,Procesada correctamente
RONDA SANITARIA - DRA. LUZI CONSTANZA,EN_AMBOS,Agendas activas CAPS San Isidro Labrador.xlsx,Procesada correctamente
GINECOLOGIA - BONINI - ESPONTANEA,EN_AMBOS,Agendas activas CAPS San Isidro Labrador.xlsx,Procesada correctamente
ODONTOLOGIA PEDIATRICA DRA. BONET MACIEL,EN_AMBOS,Agendas activas CAPS San Isidro Labrador.xlsx,Procesada correctamente
ODONTOLOGÃ_x008d_A ADULTOS-DRA MALDONADO AYLEN - AGENDA BIS,EN_AMBOS,Agendas activas Hospital Odontologico.xlsx,Procesada correctamente
PEDIATRIA - DRA. ZELADA YAMILA PROGRAMADA,EN_AMBOS,Agendas activas CAPS Villa Adelina.xlsx,Procesada correctamente
ODONTOLOGIA - DRA. MAGLIANO CARLA,EN_AMBOS,Agendas activas CAPS San Isidro Labrador.xlsx,Procesada correctamente
GINECOLOGIA DRA. VALLEJOS SOLEDAD - IMPLANTE EXTRACCION,EN_AMBOS,Agendas activas CAPS bajo Boulogne.xlsx,Procesada correctamente
ESPIROMETRIA - ESPIROMETRIA PEDIATRIA HMI,EN_AMBOS,Agendas Activas Hospital Materno.xlsx,Procesada correctamente
CRANEO FACIAL INFANTIL - DR. STEINBERG DIEGO MAXIMILIANO,EN_AMBOS,Agendas Activas Hospital Materno.xlsx,Procesada correctamente
MEDICO CLINICO DRA. CARAFI SILVIA INÃ‰S,EN_AMBOS,Agendas activas CAPS Barrio Obrero.xlsx,Procesada correctamente
ODONTOLOGÃ_x008d_A - DRA. MILLAN,EN_AMBOS,Agendas activas CAPS Beccar.xlsx,Procesada correctamente
CUIDADOS PALIATIVOS-GENDELMAN IANINA,EN_AMBOS,Agendas activas Hospital Boulogne.xlsx,Procesada correctamente
OBSTETRICIA ALTO RIESGO - DRA. MARIA LAURA SZNITOWSKI,EN_AMBOS,Agendas Activas Hospital Materno.xlsx,Procesada correctamente
DEMANDA A DOMICILIO,EN_AMBOS,Agendas activas CAPS San Pantaleon.xlsx,Procesada correctamente
ODONTOLOGÃ_x008d_A - DRA. BENITEZ,EN_AMBOS,Agendas activas CAPS Barrio Obrero.xlsx,Procesada correctamente
PSICOPEDAGOGIA-LIC. PANZERINI MARIA FERNANDA,EN_AMBOS,Agendas activas Hospital Boulogne.xlsx,Procesada correctamente
ODONTOLOGIA PEDIATRICA - DR. ISOLA FABIAN - PROGRAMADA,EN_AMBOS,Agendas activas CAPS San Isidro Labrador.xlsx,Procesada correctamente
DIABETOLOGIA - ESPONTANEA - DRA. MINOTTI,EN_AMBOS,Agendas activas Hospital Boulogne.xlsx,Procesada correctamente
RADIOLOGIA - DRA. EMA DEL VALLE ALDERETE PERALTA,EN_AMBOS,Agendas Activas Hospital Materno.xlsx,Procesada correctamente
NEUROLOGIA - DR. AMURRI HORACIO,EN_AMBOS,Agendas activas Hospital Boulogne.xlsx,Procesada correctamente
PEDIATRIA - DRA. BRINNAND MARIA,EN_AMBOS,Agendas activas CAPS La Ribera.xlsx,Procesada correctamente
GASTROENTEROLOGIA INFANTIL - DR. FERNANDO ANDRES BATTISTON,EN_AMBOS,Agendas Activas Hospital Materno.xlsx,Procesada correctamente
CARDIOLOGIA - DR. MULE MARCELO,EN_AMBOS,Agendas activas Hospital Boulogne.xlsx,Procesada correctamente
GINECOLOGIA DRA. LADOUX AGUSTINA - PROGRAMADA,EN_AMBOS,Agendas activas CAPS bajo Boulogne.xlsx,Procesada correctamente
MEDICINA FAMILIAR CONSULTORIO 5,EN_AMBOS,Agendas activas CAPS San Pantaleon.xlsx,Procesada correctamente
GRUPO FONO-FONO (MITJA-CHAPITEL),EN_AMBOS,Agendas activas Centro El Nido.xlsx,Procesada correctamente
AGENDA VACUNATORIO,EN_AMBOS,Agendas activas CAPS San Isidro Labrador.xlsx,Procesada correctamente
ODONTOLOGIA INFANTIL - DRA. MARTINEZ LILIANA - PROGRAMADA,EN_AMBOS,Agendas activas CAPS bajo Boulogne.xlsx,Procesada correctamente
INFECTOLOGIA - DRA. LAGO MA. CECILIA,EN_AMBOS,Agendas activas Hospital Boulogne.xlsx,Procesada correctamente
PSICOLOGIA INFANTIL - DRA. ALICIA ZALAZAR,EN_AMBOS,Agendas Activas Hospital Materno.xlsx,Procesada correctamente
ESTIMULACION TEMPRANA - LIC. ONOSTRE,EN_AMBOS,Agendas activas Centro El Nido.xlsx,Procesada correctamente
PSICOLOGIA - LIC. VALDES MA. GUADALUPE,EN_AMBOS,Agendas activas Hospital Boulogne.xlsx,Procesada correctamente
ONCOLOGIA-DRA LAINATI LORENA,EN_AMBOS,Agendas activas Hospital Boulogne.xlsx,Procesada correctamente
OBSTETRICIA - DRA. MIRANDA ANA,EN_AMBOS,Agendas activas Hospital Boulogne.xlsx,Procesada correctamente
GINECOLOGIA - DRA. ZAPUTOVICH CLARA PROGRAMADA,EN_AMBOS,Agendas activas CAPS Villa Adelina.xlsx,Procesada correctamente
ECOGRAFIAS PEDIATRICAS - DRA. ADRIANA ZAKIC,EN_AMBOS,Agendas Activas Hospital Materno.xlsx,Procesada correctamente
NUTRICIONISTA - DRA. OSSO MUÃ‘OZ - GENERAL,EN_AMBOS,Agendas activas CAPS bajo Boulogne.xlsx,Procesada correctamente
OTORRINOLARINGOLOGIA INFANTIL - DR. PIO MARTINEZ,EN_AMBOS,Agendas Activas Hospital Materno.xlsx,Procesada correctamente
ODONTOLOGIA - DR. RABOSTO MATIAS,EN_AMBOS,Agendas activas CAPS Diagonal Salta.xlsx,Procesada correctamente
MUSICOTERAPIA - LIC. FACUNDO NAHUEL SOBRADO,EN_AMBOS,Agendas activas Centro El Nido.xlsx,Procesada correctamente
GINECOLOGIA - PAP - DRA. MIRANDA ANA MARIA,EN_AMBOS,Agendas activas CAPS Barrio Obrero.xlsx,Procesada correctamente
OBSTETRICIA - DRA. VACA CAO SAMANTHA FEDRA,EN_AMBOS,Agendas activas CAPS La Ribera.xlsx,Procesada correctamente
"PEDIATRIA - DRA, MAKARIC VERONICA",EN_AMBOS,Agendas activas CAPS Diagonal Salta.xlsx,Procesada correctamente
PEDIATRIA - DRA. SEVILLA GABRIELA ESPONTANEA,EN_AMBOS,Agendas activas CAPS Villa Adelina.xlsx,Procesada correctamente
CARDIOLOGIA - DR. VOLPI FLAVIO,EN_AMBOS,Agendas activas Hospital Boulogne.xlsx,Procesada correctamente
ODONTOLOGÃ_x008d_A ADULTOS - AGUIRRE MARCELA,EN_AMBOS,Agendas activas Hospital Odontologico.xlsx,Procesada correctamente
RADIOLOGIA - GONZALEZ JANAMPA DANIEL,EN_AMBOS,Agendas activas Hospital Odontologico.xlsx,Procesada correctamente
LIC.EN NUTRICION - GENERAL - BARILA LUDMILA,EN_AMBOS,Agendas activas CAPS Barrio Obrero.xlsx,Procesada correctamente
GUARDIA MÃ‰DICA PEDIÃ_x0081_TRICA,EN_AMBOS,Agendas activas Hospital Boulogne.xlsx,Procesada correctamente
GRUPO MT-MT (SOBRADO-BERENSTECHER),EN_AMBOS,Agendas activas Centro El Nido.xlsx,Procesada correctamente
ODONTOLOGIA ADULTO - DRA. MARTINEZ LILIANA - EVENTUAL ESPONTANEA,EN_AMBOS,Agendas activas CAPS bajo Boulogne.xlsx,Procesada correctamente
GINECOLOGIA - DRA. ROMERO LILIANA,EN_AMBOS,Agendas activas CAPS La Ribera.xlsx,Procesada correctamente
PEDIATRIA - DRA. MARANGELLI ANTONELLA PROGRAMADA,EN_AMBOS,Agendas activas CAPS Villa Adelina.xlsx,Procesada correctamente
CIRUGIA PEDIATRICA - DRA. GUTIERREZ EMILIA VERONICA,EN_AMBOS,Agendas Activas Hospital Materno.xlsx,Procesada correctamente
ODONTOLOGIA - DRA. MARTINEZ LILIANA - ESPONTANEA,EN_AMBOS,Agendas activas CAPS bajo Boulogne.xlsx,Procesada correctamente
NEUROLOGIA INFANTIL - DRA. GUTTE PAMELA ALEJANDRA,EN_AMBOS,Agendas Activas Hospital Materno.xlsx,Procesada correctamente
GRUPAL CASI T4 (CHAPITEL-GIUSTINIANO-BALESTRA-LARESE),EN_AMBOS,Agendas activas Centro El Nido.xlsx,Procesada correctamente
TRAUMATOLOGIA - DRA. ROMERO NELLY,EN_AMBOS,Agendas activas Hospital Boulogne.xlsx,Procesada correctamente
GRUPAL SUPERVISION DE EVALUACIONES (ONOSTRE - LARESE),EN_AMBOS,Agendas activas Centro El Nido.xlsx,Procesada correctamente
LIC.EN NUTRICION - TRATAMIENTO - BARILÃ_x0081_ LUDMILA ANTONELLA,EN_AMBOS,Agendas activas CAPS Barrio Obrero.xlsx,Procesada correctamente
GINECOLOGIA DRA. LADOUX AGUSTINA - IMPLANTE EXTRACCION,EN_AMBOS,Agendas activas CAPS bajo Boulogne.xlsx,Procesada correctamente
NUTRICION INFANTIL - DRA. MAJOR MARIA LAURA,EN_AMBOS,Agendas Activas Hospital Materno.xlsx,Procesada correctamente
OBSTETRICIA GENETICA - DRA. JULIETA DE VICTOR,EN_AMBOS,Agendas Activas Hospital Materno.xlsx,Procesada correctamente
ODONTOLOGIA PEDIATRICA -VARGAS CAROLINA,EN_AMBOS,Agendas activas CAPS San Isidro Labrador.xlsx,Procesada correctamente
PEDIATRIA - ESPONTANEA - DRA. MADEO ANA,EN_AMBOS,Agendas activas CAPS Diagonal Salta.xlsx,Procesada correctamente
PSICOLOGIA - LIC. GABRIELA CESSARETTI,EN_AMBOS,Agendas activas Hospital Boulogne.xlsx,Procesada correctamente
ODONTOLGIA ADULTOS DRA. BONET MACIEL MELINA,EN_AMBOS,Agendas activas CAPS San Isidro Labrador.xlsx,Procesada correctamente
GASTROENTEROLOGIA - DRA. SANCHEZ LAURA,EN_AMBOS,Agendas activas Hospital Boulogne.xlsx,Procesada correctamente
ODONTOPEDIATRIA - DRA. MALDONADO AYLEN,EN_AMBOS,Agendas activas Hospital Boulogne.xlsx,Procesada correctamente
PSIQUIATRIA INFANTIL - DR. LUCIANO CAPPETTA,EN_AMBOS,Agendas Activas Hospital Materno.xlsx,Procesada correctamente
AGENDA ENFERMERIA,EN_AMBOS,Agendas activas CAPS Villa Adelina.xlsx,Procesada correctamente
CIRUGIA PEDIATRICA - DRA. MARIA BELEN GONZALEZ,EN_AMBOS,Agendas Activas Hospital Materno.xlsx,Procesada correctamente
OFTALMOLOGIA - DRA. QUILINDRO ROMINA,EN_AMBOS,Agendas activas Hospital Boulogne.xlsx,Procesada correctamente
MEDICINA FAMILIAR - DRA. JUAREZ JIMENA,EN_AMBOS,Agendas activas CAPS San Pantaleon.xlsx,Procesada correctamente
GINECOLOGIA - DRA. MENENDEZ CYNTHIA,EN_AMBOS,Agendas activas CAPS San Pantaleon.xlsx,Procesada correctamente
OBSTETRICIA BAJO RIESGO - DRA. LILIANA ETHEL ROMERO,EN_AMBOS,Agendas Activas Hospital Materno.xlsx,Procesada correctamente
OAES - PEAT,EN_AMBOS,Agendas Activas Hospital Materno.xlsx,Procesada correctamente
PSIQUIATRIA - DR. DUCIO FRANCISCO,EN_AMBOS,Agendas activas CAPS Beccar.xlsx,Procesada correctamente
PEDIATRIA - DR. VARELA EZEQUIEL - PROGRAMADA,EN_AMBOS,Agendas activas CAPS bajo Boulogne.xlsx,Procesada correctamente
PSICOLOGA - DRA. LIPANI ADRIANA,EN_AMBOS,Agendas activas Hospital Boulogne.xlsx,Procesada correctamente
OBSTETRICIA - DRA. MOM,EN_AMBOS,Agendas activas CAPS Beccar.xlsx,Procesada correctamente
ENDODONCIA - DRA. ROSON MARTINA,EN_AMBOS,Agendas activas Hospital Odontologico.xlsx,Procesada correctamente
NUTRICION GENERAL - LIC. POLLIAVINI LUCIANA,EN_AMBOS,Agendas activas CAPS Beccar.xlsx,Procesada correctamente
PSICOLOGA - DRA. CRICENTI CAROLINA,EN_AMBOS,Agendas activas CAPS La Ribera.xlsx,Procesada correctamente
NEURO RECITACION,EN_AMBOS,Agendas activas Hospital Boulogne.xlsx,Procesada correctamente
PSICOLOGIA INFANTIL-LIC.VAZQUEZ MARIA ALEJANDRA,EN_AMBOS,Agendas activas Hospital Boulogne.xlsx,Procesada correctamente
PSICOLOGIA - LIC. MARIA MARTHA PANIZZA,EN_AMBOS,Agendas activas Centro El Nido.xlsx,Procesada correctamente
PEDIATRIA - DRA. CHIFFLET MARIA - RECITADOS,EN_AMBOS,Agendas activas CAPS bajo Boulogne.xlsx,Procesada correctamente
ODONTOLOGIA ADULTOS- DRA. BENITEZ ADA,EN_AMBOS,Agendas activas CAPS San Isidro Labrador.xlsx,Procesada correctamente
KINESIOLOGIA Y FISIATRIA - LIC. SABRINA GALLO,EN_AMBOS,Agendas activas Centro El Nido.xlsx,Procesada correctamente
ECOCARDIOGRAMA INFANTIL - DRA. MARIA ELORRIAGA,EN_AMBOS,Agendas Activas Hospital Materno.xlsx,Procesada correctamente
PROTESIS- DRA BEVACQUA ADRIANA,EN_AMBOS,Agendas activas Hospital Odontologico.xlsx,Procesada correctamente
NUTRICION GENERAL - BERTOZZI ELIZABEH VERONICA,EN_AMBOS,Agendas activas CAPS La Ribera.xlsx,Procesada correctamente
GRUPO COE SAR (GALLO - PANIZZA),EN_AMBOS,Agendas activas Centro El Nido.xlsx,Procesada correctamente
CLINICA MEDICA - DR. EHMKE MARTIN,EN_AMBOS,Agendas activas CAPS Diagonal Salta.xlsx,Procesada correctamente
CLINICA MEDICA - CAI - DR. CARRIERI NICOLAS,EN_AMBOS,Agendas activas CAPS Beccar.xlsx,Procesada correctamente
GINECOLOGIA PROGRAMADA - DRA. GONZALEZ VAL MELISA,EN_AMBOS,Agendas activas CAPS San Isidro Labrador.xlsx,Procesada correctamente
PSICOPEDAGOGIA - LIC. LAURA ANALIA LARESE,EN_AMBOS,Agendas activas Centro El Nido.xlsx,Procesada correctamente
ENDODONCIA- DRA RUGGIERO LUCIANA,EN_AMBOS,Agendas activas Hospital Odontologico.xlsx,Procesada correctamente
CIRUGIA GRAL. INFANTIL - DR. FABIO JAVIER GIMENEZ,EN_AMBOS,Agendas Activas Hospital Materno.xlsx,Procesada correctamente
AGENDA RESIDENTES - CAI,EN_AMBOS,Agendas activas CAPS Beccar.xlsx,Procesada correctamente
TRAUMATOLOGÃ_x008d_A,EN_AMBOS,Agendas activas Hospital Boulogne.xlsx,Procesada correctamente
GINECOLOGIA DRA. VALLEJOS SOLEDAD - IMPLANTE COLOCACION,EN_AMBOS,Agendas activas CAPS bajo Boulogne.xlsx,Procesada correctamente
KINESIOLOGIA - LIC. LEMA KARINA,EN_AMBOS,Agendas activas Hospital Boulogne.xlsx,Procesada correctamente
CIRUGIA GENERAL-DR. MORAN CARLOS,EN_AMBOS,Agendas activas Hospital Boulogne.xlsx,Procesada correctamente
PEDIATRIA PROGRAMADA - DRA. MAMANI SANDRA,EN_AMBOS,Agendas activas CAPS San Isidro Labrador.xlsx,Procesada correctamente
OBSTETRICIA BAJO RIESGO - RESIDENTE OBSTETRICIA,EN_AMBOS,Agendas Activas Hospital Materno.xlsx,Procesada correctamente
KINESIOLOGIA INFANTIL - LIC. RAGO SOLEDAD MARIA,EN_AMBOS,Agendas Activas Hospital Materno.xlsx,Procesada correctamente
BIOPSIAS - DRA. MONTECCHIESI - UNICA USUARIA,EN_AMBOS,Agendas activas Hospital Boulogne.xlsx,Procesada correctamente
DERMATOLOGIA INFANTIL - DRA. VARANO JIMENA,EN_AMBOS,Agendas Activas Hospital Materno.xlsx,Procesada correctamente
OFTALMOLOGÃ_x008d_A - DRA. IDIART CECILIA,EN_AMBOS,Agendas Activas Hospital Materno.xlsx,Procesada correctamente
NUTRICIONISTA. DIZ MARIANA - TRATAMIENTO,EN_AMBOS,Agendas activas CAPS bajo Boulogne.xlsx,Procesada correctamente
ODONTOLOGÃ_x008d_A - DRA. MAGLIANO,EN_AMBOS,Agendas activas CAPS Beccar.xlsx,Procesada correctamente
ODONTOLOGIA PEDIATRICA - DR. ISOLA FABIAN - ESPONTANEA,EN_AMBOS,Agendas activas CAPS San Isidro Labrador.xlsx,Procesada correctamente
GENETICA - DRA. JULIETA DE VICTOR,EN_AMBOS,Agendas Activas Hospital Materno.xlsx,Procesada correctamente
GASTROENTEROLOGIA - ENDOSCOPIA - DRA. SANCHEZ,EN_AMBOS,Agendas activas Hospital Boulogne.xlsx,Procesada correctamente
CIRUGIA MAXILOFACIAL - DR. ASTIGUETA MARIANO - AGENDA BIS,EN_AMBOS,Agendas activas Hospital Odontologico.xlsx,Procesada correctamente
CIRUGIA GRAL. INFANTIL - DRA. ANTONELLA MORARD,EN_AMBOS,Agendas Activas Hospital Materno.xlsx,Procesada correctamente
ODONTOLOGIA - DRA. AGUIRRE MARCELA - ESPONTANEA,EN_AMBOS,Agendas activas CAPS bajo Boulogne.xlsx,Procesada correctamente
ENDODONCIA-DRA TIANO MARINA - AGENDA BIS,EN_AMBOS,Agendas activas Hospital Odontologico.xlsx,Procesada correctamente
KINESIOLOGIA Y FISIATRIA - LIC. MARIA CECILIA AVERSA,EN_AMBOS,Agendas activas Centro El Nido.xlsx,Procesada correctamente
CARDIOLOGIA ECG,EN_AMBOS,Agendas activas Hospital Boulogne.xlsx,Procesada correctamente
PEDIATRIA - DRA. FARFAN SABRINA,EN_AMBOS,Agendas activas CAPS Beccar.xlsx,Procesada correctamente
OBSTETRICIA - HEMOTERAPIA,EN_AMBOS,Agendas Activas Hospital Materno.xlsx,Procesada correctamente
ODONTOPEDIATRIA - ESPONTANEA - DRA. ROSSI MAGALI,EN_AMBOS,Agendas activas Hospital Boulogne.xlsx,Procesada correctamente
MUSICOTERAPIA - LIC. MARIANA BERENSTECHER,EN_AMBOS,Agendas activas Centro El Nido.xlsx,Procesada correctamente
PEDIATRIA DRA. GRZONA MAGDALENA,EN_AMBOS,Agendas activas CAPS San Isidro Labrador.xlsx,Procesada correctamente
TERAPIA OCUPACIONAL - LIC. NATALIA VANESA ARCHELLI,EN_AMBOS,Agendas activas Centro El Nido.xlsx,Procesada correctamente
ODONTOLOGIA - DRA. BEVACQUA ADRIANA ESPONTANEA,EN_AMBOS,Agendas activas CAPS Villa Adelina.xlsx,Procesada correctamente
FONOAUDIOLOGIA INFANTIL - LIC. ZEGA MYRIAM,EN_AMBOS,Agendas Activas Hospital Materno.xlsx,Procesada correctamente
ODONTOLOGÃ_x008d_A - ASTIAGUETA MARIANO - AGENDA BIS,EN_AMBOS,Agendas activas Hospital Odontologico.xlsx,Procesada correctamente
PSICOLOGA - DRA. LESERRE MARIA EVA,EN_AMBOS,Agendas activas CAPS San Isidro Labrador.xlsx,Procesada correctamente
DIABETOLOGIA - DRA. MINOTTI ALICIA,EN_AMBOS,Agendas activas Hospital Boulogne.xlsx,Procesada correctamente
ECOGRAFIAS DEMANDA ESPONTANEA- DRA SPOTORNO,EN_AMBOS,Agendas activas Hospital Boulogne.xlsx,Procesada correctamente
PEDIATRIA - DRA. SEGOVIA CECILIA ESPONTANEA,EN_AMBOS,Agendas activas CAPS Villa Adelina.xlsx,Procesada correctamente
PEDIATRIA PROGRAMADO - DRA. GROSSO CARINA,EN_AMBOS,Agendas activas CAPS San Isidro Labrador.xlsx,Procesada correctamente
NUTRICION TRATAMIENTO - LIC. POLLAVINI LUCIANA,EN_AMBOS,Agendas activas CAPS Beccar.xlsx,Procesada correctamente
ODONTOLOGIA - DRA. BONET - PROGRAMADA,EN_AMBOS,Agendas activas CAPS La Ribera.xlsx,Procesada correctamente
PEDIATRIA CAI - DRA LIVI MARIA,EN_AMBOS,Agendas activas CAPS San Isidro Labrador.xlsx,Procesada correctamente
PSICOLOGIA INFANTIL - PANIZZA MARÃ_x008d_A MARTHA,EN_AMBOS,Agendas Activas Hospital Materno.xlsx,Procesada correctamente
ELECTROCARDIOGRAMA -CAI,EN_AMBOS,Agendas activas CAPS San Isidro Labrador.xlsx,Procesada correctamente
ODONTOPEDIATRIA - DRA. BUSTAMANTE CINTIA,EN_AMBOS,Agendas activas Hospital Boulogne.xlsx,Procesada correctamente
ODONTOLOGIA - DR. RABOSTO MATIAS - ESPONTANEA,EN_AMBOS,Agendas activas CAPS La Ribera.xlsx,Procesada correctamente
OBSTETRICIA - DRA. MANCINELLI ESTELA,EN_AMBOS,Agendas activas CAPS bajo Boulogne.xlsx,Procesada correctamente
PEDIATRIA PROGRAMADO - DR. MEDINA LUIS,EN_AMBOS,Agendas activas CAPS San Isidro Labrador.xlsx,Procesada correctamente
ODONTOLOGÃ_x008d_A ADULTOS -DRA BEVACQUA RITA,EN_AMBOS,Agendas activas Hospital Odontologico.xlsx,Procesada correctamente
OBSTETRICIA ADOLESCENCIA - DRA. CLAUDIA VIVIANA DIEZ BELTRAN,EN_AMBOS,Agendas Activas Hospital Materno.xlsx,Procesada correctamente
ECOGRAFIAS PEDIATRICAS - DRA. CLIVIO NATALIA,EN_AMBOS,Agendas Activas Hospital Materno.xlsx,Procesada correctamente
ESTIMULACION TEMPRANA - LIC. LARESE,EN_AMBOS,Agendas activas Centro El Nido.xlsx,Procesada correctamente
SEGUIMIENTO NEURODESARROLLO (AVERSA),EN_AMBOS,Agendas activas Centro El Nido.xlsx,Procesada correctamente
ECOGRAFIAS PEDIATRICAS - FLORENCIA SUAREZ,EN_AMBOS,Agendas Activas Hospital Materno.xlsx,Procesada correctamente
VACUNACION,EN_AMBOS,Agendas activas CAPS La Ribera.xlsx,Procesada correctamente
ODONTOLOGÃ_x008d_A ADULTOS - DRA NOYA ANDREA VERONICA,EN_AMBOS,Agendas activas Hospital Odontologico.xlsx,Procesada correctamente
ADOLESCENCIA - DRA. PICCOLI SABRINA - PROGRAMADA,EN_AMBOS,Agendas activas CAPS bajo Boulogne.xlsx,Procesada correctamente
AUDIOMETRIA - LIC. CARLONI CAMILA,EN_AMBOS,Agendas Activas Hospital Materno.xlsx,Procesada correctamente
MEDICO CLINICO DR. PORTA ESTEBAN - ESPONTANEA,EN_AMBOS,Agendas activas CAPS bajo Boulogne.xlsx,Procesada correctamente
ODONTOLOGÃ_x008d_A ADULTOS- DRA MENDEZ LILIANA,EN_AMBOS,Agendas activas Hospital Odontologico.xlsx,Procesada correctamente
GRUPAL GAP (BONAVENTURA - RODRIGUEZ),EN_AMBOS,Agendas activas Centro El Nido.xlsx,Procesada correctamente
CAPS DIAGONAL SALTA,SOLO_EN_EXCEL,Agendas activas CAPS Diagonal Salta.xlsx,No procesada - revisar criterios de detección
CENTRO EL NIDO,SOLO_EN_EXCEL,Agendas activas Centro El Nido.xlsx,No procesada - revisar criterios de detección
CAPS SAN ISIDRO LABRADOR,SOLO_EN_EXCEL,Agendas activas CAPS San Isidro Labrador.xlsx,No procesada - revisar criterios de detección
HOSPITAL BOULOGNE,SOLO_EN_EXCEL,Agendas activas Hospital Boulogne.xlsx,No procesada - revisar criterios de detección
CAPS SAN PANTALEON,SOLO_EN_EXCEL,Agendas activas CAPS San Pantaleon.xlsx,No procesada - revisar criterios de detección
CAPS BAJO BOULOGNE,SOLO_EN_EXCEL,Agendas activas CAPS bajo Boulogne.xlsx,No procesada - revisar criterios de detección
CAPS BECCAR,SOLO_EN_EXCEL,Agendas activas CAPS Beccar.xlsx,No procesada - revisar criterios de detección
CAPS LA RIBERA,SOLO_EN_EXCEL,Agendas activas CAPS La Ribera.xlsx,No procesada - revisar criterios de detección
CAPS VILLA ADELINA,SOLO_EN_EXCEL,Agendas activas CAPS Villa Adelina.xlsx,No procesada - revisar criterios de detección
HOSPITAL MATERNO SAN ISIDRO,SOLO_EN_EXCEL,Agendas Activas Hospital Materno.xlsx,No procesada - revisar criterios de detección
CAPS BARRIO OBRERO,SOLO_EN_EXCEL,Agendas activas CAPS Barrio Obrero.xlsx,No procesada - revisar criterios de detección
HOSPITAL ODONTOLOGICO SAN ISIDRO,SOLO_EN_EXCEL,Agendas activas Hospital Odontologico.xlsx,No procesada - revisar criterios de detección
